0.000000000000000000e+00,0.000000000000000000e+00,0.000000000000000000e+00,0.000000000000000000e+00,0.000000000000000000e+00,0.000000000000000000e+00,0.000000000000000000e+00,0.000000000000000000e+00,0.000000000000000000e+00,0.000000000000000000e+00,0.000000000000000000e+00,0.000000000000000000e+00,0.000000000000000000e+00,0.000000000000000000e+00,1.344548481751875403e-10,5.019934108012042863e-16,2.488102022421596161e-19,2.796404370505018484e-10,6.584615549747346453e-18,3.787952554477511276e-15,1.925555585676992226e-15,2.413130836762566423e-44,0.000000000000000000e+00,0.000000000000000000e+00,0.000000000000000000e+00,8.376541443053870254e-16,1.583967947907740464e-14,1.017732187697034096e-11,5.181001852254097153e-12,3.011770294119102925e-26,2.073121317179797165e-17,2.671842340468552235e-15,2.248611073216971470e-27,1.369707175843281571e-21,2.720585506026202021e-26,2.141491682929342214e-27,3.762191356352238794e-15,1.842035015523791009e-19,9.498192732494294214e-12,4.820145048313599726e-16,1.980510696359592485e-15,1.336275049640677980e-13,4.341579128470060034e-23,4.528068535093221419e-29,3.065005535022023694e-11,1.009927132600145349e-18,9.791146102098064392e-16,1.490769055968932031e-14,3.529955674152765840e-22,4.937859523982817953e-19,8.988783333138777767e-12,4.799825890927324928e-12,4.534340132984891562e-19,8.646247407371678784e-24,4.654226516907716462e-27,9.406272745506974561e-29,6.554755136002858326e-14,0.000000000000000000e+00,6.573245370878662823e-21,2.287125023644299166e-09,1.315348065013240635e-14,1.496663642279253094e-14,9.999999959008084582e-01,2.927886614287365198e-16,4.066274667044413510e-24,3.871842601514078969e-24,5.187151484975967227e-13,2.880617965922402490e-25,4.055397904393668326e-29,3.430117283576390719e-12,1.843082990835247344e-23,2.135228747898759696e-22,4.713756665721341447e-17,3.288497725806985947e-22,4.489294177991616836e-14,1.140549443527239662e-27,2.348794116921510579e-18,3.354355233303026247e-18,1.580162759033872009e-10,4.600688560829759408e-11,2.804756117553739199e-10,1.051695925996394925e-10,2.168904992570015281e-18,6.230618957306162351e-22,5.348431542583908113e-15,5.813112623059691412e-22,3.576763969459369037e-11,3.608448585023210606e-15,5.861872309211656545e-18,6.919273119776948925e-18,1.098704086029300589e-11,4.729109834357000023e-14,3.882823720900593165e-14,1.629223582256294063e-18,6.620257926464900271e-10,2.352300379818567829e-11,1.368392306950559079e-12,3.011007819229050124e-13,5.162182690640580404e-14,0.000000000000000000e+00,1.105501988490504326e-20,2.987313207937694606e-19,4.150154886838123371e-13,6.554857143029401601e-24,4.997685307961865594e-26,1.988763192601733385e-13,4.522365162417331957e-15,5.860265390509363700e-18,1.878480161904900814e-16,4.080685145889420000e-16
0.000000000000000000e+00,0.000000000000000000e+00,0.000000000000000000e+00,0.000000000000000000e+00,0.000000000000000000e+00,0.000000000000000000e+00,0.000000000000000000e+00,0.000000000000000000e+00,0.000000000000000000e+00,0.000000000000000000e+00,0.000000000000000000e+00,0.000000000000000000e+00,0.000000000000000000e+00,0.000000000000000000e+00,1.503645053702978182e-09,1.054302355479597457e-14,2.018739824740542246e-18,3.125762899575746780e-09,8.201549681382830795e-17,3.180498574174311371e-14,2.376893863555056367e-14,0.000000000000000000e+00,0.000000000000000000e+00,0.000000000000000000e+00,0.000000000000000000e+00,7.028644338709425696e-15,2.198894728470719780e-13,8.595225858679487853e-11,7.140366331195189247e-11,1.991792766219980395e-24,2.858971729066708499e-16,6.673212826610188510e-14,1.487944713975101058e-25,9.761817898574280166e-20,1.500675091107689334e-23,1.691435132323341443e-24,4.681441245128842811e-14,1.492943771307648801e-18,1.213427223857758142e-10,3.841313795111036315e-15,2.536644936611433028e-14,1.088066418900735471e-12,5.411773710742940803e-22,5.815170060337404883e-27,3.170379628619791423e-10,7.588619075367223708e-18,7.268444210212139945e-15,1.154794082651097043e-13,4.062484925282772952e-21,6.236622827765237494e-18,7.180827941096765631e-11,6.059334212619895023e-11,3.618978711545526621e-18,7.034191751078211373e-22,4.258626963175221158e-25,5.817200273382516180e-27,8.410099558532257778e-13,0.000000000000000000e+00,5.036228783614240090e-19,1.843782912271265199e-08,8.593159339892744252e-14,9.164153998764560690e-14,9.999999668243710893e-01,3.385313692301505937e-15,2.281516022727514184e-22,2.171705387782171989e-22,5.363475663654034895e-12,5.533400176950379331e-23,3.809053720306230098e-27,4.268417797346293083e-11,6.248564601105428653e-22,1.992438909228467667e-20,3.820426986007374576e-16,2.519551069972743369e-20,4.905584485114676827e-13,2.607082625510291686e-26,1.714297278636359672e-17,2.330248118963825339e-17,1.033429655353175548e-09,3.357516634702799285e-10,1.717899949626855742e-09,7.304915720473863649e-10,1.367001950628213051e-16,4.773718481977213390e-20,6.154174887679638813e-14,5.367117222672595080e-20,3.054384219747239076e-10,2.360782564654510958e-14,3.828762077742288952e-17,4.249522550770918101e-17,7.189354404662216167e-11,3.084822637254573315e-13,2.398630011712278342e-13,1.006446833198981095e-17,4.924349530155539769e-09,1.906485861945057373e-10,1.063340640444702634e-11,2.175272424209206515e-12,4.051484274913475376e-13,1.640215785414754295e-21,6.828916489022580850e-20,2.217594476026208593e-18,4.917349320883561388e-12,4.726547882610389677e-23,3.883773335387209268e-25,3.454267804788572219e-13,2.797640463821259416e-14,6.900347121961480676e-17,1.522486791903847559e-15,3.307730348270432470e-15
0.000000000000000000e+00,0.000000000000000000e+00,0.000000000000000000e+00,0.000000000000000000e+00,0.000000000000000000e+00,0.000000000000000000e+00,0.000000000000000000e+00,0.000000000000000000e+00,0.000000000000000000e+00,0.000000000000000000e+00,0.000000000000000000e+00,0.000000000000000000e+00,0.000000000000000000e+00,0.000000000000000000e+00,1.006530179149055619e-08,8.687435710518359986e-14,1.231113281808485728e-17,2.092395164681513421e-08,5.612337520451542063e-16,1.951735978360840050e-13,1.623344375779001915e-13,1.247269664855608337e-34,0.000000000000000000e+00,0.000000000000000000e+00,0.000000000000000000e+00,4.240407957104773689e-14,1.539998869872866637e-12,5.189883178543944544e-10,4.969252990581539673e-10,7.572675116511150078e-23,1.996095072888506830e-15,5.863576935236110254e-13,5.657535995836689178e-24,3.766687858373000457e-18,3.474631683694273561e-21,4.243057022665155870e-22,3.267344376015322289e-13,9.096027549557099910e-18,8.375590462513356038e-10,2.313092885316522861e-14,1.749459700459550557e-13,6.675858336240176099e-12,3.811187908841892181e-21,2.697747783836264880e-25,2.057294264279358090e-09,4.510822842106365120e-17,4.327111534548287300e-14,6.892585205253433433e-13,2.667715322513533955e-20,4.274394422535933936e-17,4.325501428096064492e-10,4.141890038067815821e-10,2.179678045322697526e-17,2.735356017294459438e-20,1.741585808335079996e-23,2.150458750723209522e-25,5.801704639689368618e-12,0.000000000000000000e+00,1.958935928806904696e-17,1.128838691482091745e-07,5.004870415692024648e-13,5.269917893865646980e-13,9.999997959124020674e-01,2.864545784702867517e-14,8.227462524772325511e-21,7.830957722113975627e-21,3.479816400977553517e-11,2.699541225044834196e-21,1.538669963717973821e-25,2.979150951543868598e-10,1.992159450002321405e-20,8.160484795164984434e-19,2.327655009712499004e-15,9.800269726386511814e-19,3.261212257286243530e-12,6.869641178160574728e-25,1.018812314519211919e-16,1.366519420835173669e-16,6.019987406366825315e-09,1.994187415357397322e-09,9.879320598355586393e-09,4.279970928646794829e-09,5.026299043812844626e-15,1.856827748387125292e-18,4.037167848206232915e-13,2.198871556163006799e-18,1.905478441864073843e-09,1.375302126455473534e-13,2.229799009410208287e-16,2.445151351351952439e-16,4.188359264024107651e-10,1.796078182254880573e-12,1.381755753376594004e-12,5.797731070769792654e-17,2.932524277936474962e-08,1.161549902941840712e-09,6.400965512328264473e-11,1.284542579489109073e-11,2.444800898211062343e-12,9.549926551211084796e-21,3.933829240284892516e-19,1.320191322595137415e-17,3.362104986935515990e-11,2.790360766459618196e-22,2.339571683921535324e-24,2.175394918388308305e-12,1.611878351105576670e-13,4.719022895284067415e-16,9.275996939296832085e-15,2.015330095863587031e-14
0.000000000000000000e+00,0.000000000000000000e+00,0.000000000000000000e+00,0.000000000000000000e+00,0.000000000000000000e+00,0.000000000000000000e+00,0.000000000000000000e+00,0.000000000000000000e+00,0.000000000000000000e+00,0.000000000000000000e+00,0.000000000000000000e+00,0.000000000000000000e+00,0.000000000000000000e+00,0.000000000000000000e+00,5.949812203146720813e-08,5.567804024001467455e-13,7.103050455759319678e-17,1.237160350182452373e-07,3.337516395641065157e-15,1.127571949503183051e-12,9.648882410328836844e-13,6.943636803824565486e-33,0.000000000000000000e+00,0.000000000000000000e+00,0.000000000000000000e+00,2.424435185968775661e-13,9.201052210394255768e-12,2.966760765333252246e-09,2.992787276637171917e-09,2.502706267352766013e-21,1.223233781743258818e-14,3.900743939949075855e-12,1.869691758384223251e-22,1.250260893052292923e-16,6.593980549002626387e-19,8.278773295695206775e-20,1.959483532795964483e-12,5.224192736376069311e-17,5.006837468765292884e-09,1.332694698759063015e-13,1.046245293562638966e-12,3.845786861352062213e-11,2.398753632078101243e-20,9.575503232799490015e-24,1.209639699226043372e-08,2.584509640570777773e-16,2.469958541815974055e-13,3.949958741715713008e-12,1.579552421643880222e-19,2.590629453095740412e-16,2.492136933636464863e-09,2.474040426051738642e-09,1.255840153125389286e-16,9.187024458924261972e-19,5.933820660910328801e-22,7.076963412630433482e-24,3.467696268165676388e-11,0.000000000000000000e+00,6.559628190749545840e-16,6.499603134308319285e-07,2.836584077812338095e-12,2.973587965547028929e-12,9.999988227231964011e-01,3.430417857002063396e-13,2.695548986994038396e-19,2.565563894215246841e-19,2.046007099199516182e-10,9.767412800447222191e-20,5.201471599293559154e-24,1.786648182422340714e-09,6.398069745265393979e-19,2.770706831546476081e-17,1.336833793420916161e-14,3.281689551372449545e-17,1.932892676644015516e-11,2.116542260831099377e-23,5.868699593606763728e-16,7.851586582309060236e-16,3.412028151505611572e-08,1.144900125497499678e-08,5.574522156763334085e-08,2.446984353073153471e-08,1.650649541497326253e-13,6.217714811819930642e-17,2.377001590566819152e-12,7.495520604832111718e-17,1.103586514833665349e-08,7.795323345252799422e-13,1.263744658324931423e-15,1.380015906305411204e-15,2.374011537000657563e-09,1.017850304130049711e-11,7.801976387810421110e-12,3.273653279370992347e-16,1.674063844834389992e-07,6.670812623760249877e-09,3.664046532262670497e-10,7.316071081340821568e-11,1.400342493088961051e-11,5.412098333390049698e-20,2.221205231353980892e-18,7.535766316989924610e-17,2.001330463682547844e-10,1.589108520038439492e-21,1.339412351681270921e-23,1.263548821689326336e-11,9.100465770694556295e-13,2.809872570165519556e-15,5.327448353887709161e-14,1.157461301475350274e-13
0.000000000000000000e+00,0.000000000000000000e+00,0.000000000000000000e+00,0.000000000000000000e+00,0.000000000000000000e+00,0.000000000000000000e+00,0.000000000000000000e+00,0.000000000000000000e+00,0.000000000000000000e+00,0.000000000000000000e+00,0.000000000000000000e+00,0.000000000000000000e+00,0.000000000000000000e+00,0.000000000000000000e+00,3.360092334695923391e-07,3.435956146692938809e-12,4.028831501225229431e-16,6.994692666412233569e-07,1.913534902832780795e-14,6.401021921193671485e-12,5.530988211792764434e-12,6.943636799784842335e-33,0.000000000000000000e+00,0.000000000000000000e+00,0.000000000000000000e+00,1.335585140428775723e-12,5.235818134101453666e-11,1.631718145287580811e-08,1.805213302862628032e-08,7.275445202476141031e-20,7.988915884950956761e-14,2.607674725971689708e-11,5.433278081352997528e-21,3.649590954366786905e-15,1.042274662046554318e-16,1.371289838957711209e-17,1.114192773053024388e-11,2.893943904196733638e-16,2.886186562447349580e-08,7.626203479340749560e-13,6.060255918189777122e-12,2.129497564312863751e-10,1.704105370668706933e-19,3.062504284656505091e-22,6.992640261601253540e-08,1.454679301449263041e-15,1.358936838941534131e-12,2.218499176230405207e-11,9.488857762991508200e-19,1.634640207183838586e-15,1.425657629478554985e-08,1.452456169818683691e-08,7.185525615057269558e-16,2.950637751901098373e-17,1.871884769399515944e-20,2.111878299442046914e-22,2.001806273215796533e-10,0.000000000000000000e+00,2.041734757353151806e-14,3.598412700640154090e-06,1.533266121990788354e-11,1.588551276033232495e-11,9.999934706156022868e-01,4.293952946683411641e-12,8.153632154849954507e-18,7.759668012681814804e-18,1.183005486378408892e-09,3.458301375162561801e-18,1.619557119716169702e-22,1.015852896243841718e-08,1.864097458188026347e-17,8.724228142109958874e-16,7.404608683288115662e-14,1.021457374031066522e-15,1.119290483605498969e-10,6.425394390084813632e-22,3.390722538476743848e-15,4.537632313707845752e-15,1.844312201630283482e-07,6.506096484874638025e-08,2.978005363211147086e-07,1.380200504227816829e-07,4.922263034113101517e-12,1.935316305907445962e-15,1.388354084026249942e-11,2.365522131621271508e-15,6.138770195961267282e-08,4.214355904491812752e-12,6.830538129336694489e-15,7.377357452203250741e-15,1.283456902588298632e-08,5.500390149870537588e-11,4.176211484735682597e-11,1.752341170882248408e-15,9.212166634958608741e-07,3.693269680968911049e-08,2.022360716317551492e-09,4.014590228274766850e-10,7.735052948410990739e-11,2.924903284776435141e-19,1.188968953708705719e-17,4.146039898350715130e-16,1.133863538883722351e-09,8.718233030400433682e-21,7.391491924546136441e-23,7.044748695748269986e-11,4.867992747326248240e-12,1.591930264518910107e-14,2.950819555959186529e-13,6.411047356320118824e-13
0.000000000000000000e+00,0.000000000000000000e+00,0.000000000000000000e+00,0.000000000000000000e+00,0.000000000000000000e+00,0.000000000000000000e+00,0.000000000000000000e+00,0.000000000000000000e+00,0.000000000000000000e+00,0.000000000000000000e+00,0.000000000000000000e+00,0.000000000000000000e+00,0.000000000000000000e+00,0.000000000000000000e+00,1.758704956677630987e-06,2.349407006311943339e-11,2.198048437665884212e-15,3.678374038410953134e-06,1.068682470162733390e-13,3.503438530129229102e-11,3.087358189337347115e-11,6.943636776901605569e-33,0.000000000000000000e+00,0.000000000000000000e+00,0.000000000000000000e+00,6.545833467296577396e-12,2.807922023497356192e-10,7.949940481490178384e-08,1.177138700420037776e-07,1.447918744944867336e-18,6.395847009154892859e-13,2.212797494251089396e-10,1.079273416251247375e-19,7.309220196496030254e-14,9.375288209330092679e-15,1.444013991368933246e-15,5.913106528747313611e-11,1.438947722382905686e-15,1.631137278652806075e-07,4.264807101991576489e-12,3.492678897710830351e-11,1.052757561731104643e-09,1.665257626679264534e-18,8.335090383838161079e-21,4.040661230927910923e-07,7.742986222518666333e-15,6.596264957987597728e-12,1.171291424509721970e-10,6.294533390497715960e-18,1.258817279097801149e-14,7.964713922929117005e-08,8.842018759035872082e-08,4.016922244277922671e-15,8.686157600671699047e-16,5.045174744037333536e-19,4.703873910301655739e-21,1.138216809778065458e-09,0.000000000000000000e+00,5.271264588050580908e-13,1.779125080357560354e-05,7.013336358262667149e-11,6.968454758421714854e-11,9.999674988790944186e-01,2.872167998400002883e-11,1.913551132242060723e-16,1.820498008540166562e-16,6.840909771638644499e-09,1.336467786875913901e-16,4.172541722671215461e-21,5.389617509234113759e-08,3.809906756377883039e-16,2.336373702009902436e-14,3.680025652870907763e-13,2.637238803123890579e-14,6.474835979454109835e-10,1.608915454497533301e-20,1.946609492433785209e-14,2.596825371001015027e-14,8.433249272455314944e-07,3.532000465933263775e-07,1.305983423294332701e-06,7.306646401293616273e-07,1.079509526382823195e-10,4.996580940800568644e-14,8.373816164943463825e-11,6.382333440549497045e-14,3.078268814171239021e-07,1.928232118230846711e-11,3.122584686932787288e-14,3.243266662944283220e-14,5.871640883366376188e-08,2.512314291920661544e-10,1.843932598058000843e-10,7.737912172319535790e-15,4.473681294435858753e-06,1.831305071090090496e-07,9.924873757817286747e-09,1.930238860389793596e-09,3.805876200422640408e-10,1.336530014187551836e-18,5.250052383238675398e-17,2.012404576545367160e-15,5.972241495062327012e-09,4.189545853636117376e-20,3.626199540679882327e-22,3.556298600351962126e-10,2.143301057929855482e-11,8.382344107138856260e-14,1.466507412476041953e-12,3.186080914036964801e-12
0.000000000000000000e+00,0.000000000000000000e+00,0.000000000000000000e+00,0.000000000000000000e+00,0.000000000000000000e+00,0.000000000000000000e+00,0.000000000000000000e+00,0.000000000000000000e+00,0.000000000000000000e+00,0.000000000000000000e+00,0.000000000000000000e+00,0.000000000000000000e+00,0.000000000000000000e+00,0.000000000000000000e+00,7.672840935315750576e-06,1.779670284654041992e-10,1.085305567073375234e-14,1.624415924634812887e-05,5.563772382060557222e-13,1.737803970785272117e-10,1.604764276148330452e-10,6.943636654456998304e-33,0.000000000000000000e+00,0.000000000000000000e+00,0.000000000000000000e+00,2.538988454311498020e-11,1.304816699072973550e-09,3.045815679620089992e-07,7.371392983753361176e-07,1.491940572798404386e-17,5.103754258449273896e-12,2.184921325944874711e-09,1.104313203734294806e-18,7.426159041363979133e-13,2.888766622914790655e-13,5.907620379282875689e-14,2.668495348434599573e-10,5.648771181332391066e-15,8.473637203130405406e-07,2.060112326960100026e-11,1.891944598053464729e-10,4.084070043475145103e-09,1.684706302096797972e-17,1.581212627052355988e-19,2.166966577338286700e-06,3.720630936125746502e-14,2.454811083302004854e-11,5.512075738636324623e-10,4.486258148981047415e-17,1.089665108014221951e-13,3.838638170162855054e-07,5.309876044957741107e-07,1.938974722903279310e-14,1.974764464787360719e-14,9.536198333428095698e-18,6.260839039704234983e-20,5.985729433068484294e-09,0.000000000000000000e+00,8.868445777486770913e-12,6.914134533000411550e-05,2.378420886049091618e-10,2.199093877251615144e-10,9.998711007155507424e-01,1.233918426467290844e-10,2.683398968147045771e-15,2.551712231373117123e-15,3.671742741897871724e-08,4.545832309493428562e-15,7.190465305616543871e-20,2.430096226343713586e-07,4.207471712402762440e-15,4.245809993062391330e-13,1.442338558161001145e-12,4.437504010179689637e-13,3.504995056263051638e-09,2.735640733081464784e-19,9.748659023127832059e-14,1.279887347948212162e-13,2.853543597843455020e-06,1.589976300359295308e-06,4.113734889799117065e-06,3.146758032464328959e-06,1.274455569775525387e-09,8.406753151348443238e-13,5.019869666426969081e-10,1.207682678624501364e-12,1.232640967063335531e-06,6.534002850618263645e-11,1.056400365722655231e-13,1.026360635035315320e-13,1.987709981542091967e-07,8.479129377194520782e-10,5.872248979865525112e-10,2.465239562543144499e-14,1.664521165236584435e-05,7.128980765600506606e-07,3.778035869678102169e-08,7.037099891971478443e-09,1.455793733639712429e-09,4.518724134220824530e-18,1.672619598966515767e-16,7.488097409754609046e-15,2.643876875218512426e-08,1.527638828066383266e-19,1.382198971078485176e-21,1.443102547458379927e-09,6.779065559919145330e-11,3.711417019659238654e-13,5.747373117803721089e-12,1.248379697932481089e-11
0.000000000000000000e+00,0.000000000000000000e+00,0.000000000000000000e+00,0.000000000000000000e+00,0.000000000000000000e+00,0.000000000000000000e+00,0.000000000000000000e+00,0.000000000000000000e+00,0.000000000000000000e+00,0.000000000000000000e+00,0.000000000000000000e+00,0.000000000000000000e+00,0.000000000000000000e+00,0.000000000000000000e+00,2.636380063847618995e-05,1.268991713518546269e-09,4.939783449855794159e-14,5.702120588061792813e-05,2.647293915266421910e-12,7.904667683032390944e-10,7.610110018957641155e-10,6.943636068336171533e-33,0.000000000000000000e+00,0.000000000000000000e+00,0.000000000000000000e+00,7.896449869947813333e-11,5.001563468495861592e-09,9.287770879464215736e-07,3.676748497598808187e-06,9.139745492661347136e-17,3.190826391453901013e-11,1.806726430790513562e-08,6.632976988098412120e-18,4.315320027156321571e-12,3.584079521321186059e-12,9.633266660832718823e-13,9.650822666087136757e-10,1.724769403264863766e-14,3.663684511735501578e-06,7.850064778216676741e-11,8.641655295434180844e-10,1.228394496915042480e-08,1.264827943228233356e-16,1.901850777419267051e-18,9.777069682976118105e-06,1.718598698721765104e-13,6.968382140413589118e-11,2.451836453305415164e-09,3.198074497564744770e-16,7.937095212596711105e-13,1.454423343828816524e-06,2.707749173486528420e-06,7.373840597536856271e-14,3.102018607625952695e-13,1.158282493700823105e-16,5.731318183213271449e-19,2.623713734973273321e-08,5.463671561930993235e-21,9.079101245867274183e-11,2.089467610774735601e-04,6.235779506830054093e-10,5.412125045937350271e-10,9.995969677952710741e-01,4.012867709105397398e-10,2.257925527404676185e-14,2.146304975093295345e-14,1.657091471023230050e-07,1.017142136531136150e-13,8.188172299560138945e-19,8.770496161006278503e-07,2.851423687670548082e-14,4.788308778604434592e-12,4.384439743838977956e-12,4.544750057206034015e-12,1.603732281256579691e-08,3.137713295942377769e-18,3.940788058266689055e-13,5.098750720392926170e-13,7.433289540817153235e-06,5.521093295638817310e-06,1.006840222355932396e-05,1.049911131126976225e-05,8.457435651928760159e-09,8.607842689304873099e-12,2.855802404733052959e-09,1.464633716437692850e-11,3.855351921737191352e-06,1.707949615813136866e-10,2.755204704228612521e-13,2.527385505308662938e-13,5.177424960938602809e-07,2.200710915633542165e-09,1.450039306737724896e-09,6.095012455787006100e-14,4.708865496681431185e-05,2.132513624565841930e-06,1.100115789857723090e-07,1.954035998099969496e-08,4.254464023028691133e-09,1.179116406542775057e-17,4.136009567434329213e-16,2.124708445717019708e-14,9.263248828268732192e-08,4.256372571003480624e-19,4.041379627185031551e-21,4.574244193665753007e-09,1.657939346748273980e-10,1.302469477248003166e-12,1.746693642397110066e-11,3.790936819070887333e-11
0.000000000000000000e+00,0.000000000000000000e+00,0.000000000000000000e+00,0.000000000000000000e+00,0.000000000000000000e+00,0.000000000000000000e+00,0.000000000000000000e+00,0.000000000000000000e+00,0.000000000000000000e+00,0.000000000000000000e+00,0.000000000000000000e+00,0.000000000000000000e+00,0.000000000000000000e+00,0.000000000000000000e+00,7.356587078481193755e-05,8.054389765540432275e-09,2.114719056339894207e-13,1.643271773234449907e-04,1.185957173141239530e-11,3.366243651109267063e-09,3.383935274176021759e-09,6.943633569804065426e-33,0.000000000000000000e+00,0.000000000000000000e+00,0.000000000000000000e+00,2.100834805512564818e-10,1.633132663773402145e-08,2.400517085571169317e-06,1.457161568409070547e-05,4.047189934071400285e-16,1.559655996889005496e-10,1.162739321724618548e-07,2.791181218095336098e-17,1.732360507595260744e-11,2.503738803574319428e-11,8.530789676475142183e-12,2.867136817673184763e-09,4.363894054804167546e-14,1.295672363677678146e-05,2.404503864898636327e-10,3.252519186710077053e-09,3.038072775269239772e-08,6.847248409253132601e-16,1.536908000655948924e-17,3.688191191423547755e-05,7.768698665997746187e-13,1.606195839250716561e-10,1.053686011364762685e-08,2.201405294466418891e-15,4.368154594780229772e-12,4.399987917825815105e-06,1.117665457281853286e-05,2.248515013974549299e-13,3.497440622817723108e-12,9.443549375058144475e-16,4.469089400845301113e-18,9.397754890822030220e-08,4.449910926273692784e-20,6.221297094363058310e-10,5.203264304368626853e-04,1.346317970363382732e-09,1.115136671288413204e-09,9.989517192839666437e-01,1.070542658139596528e-09,1.284510829108034708e-13,1.220570132955237420e-13,6.250675957193755885e-07,1.520936299085064798e-12,7.383525561000891166e-18,2.594172896545212680e-06,1.399742092521913862e-13,3.667304234518151900e-11,1.097435472733266819e-11,3.117360536885888698e-11,6.109815836627083679e-08,2.566152878912661920e-17,1.305556809067636990e-12,1.676367346660099283e-12,1.582700145575235767e-05,1.523570216634264865e-05,2.048725974536980729e-05,2.830471847202649721e-05,3.814938276709555192e-08,5.900779828020020145e-11,1.557867108647642693e-08,1.185094294375359827e-10,9.890462743348639246e-06,3.666020071479777854e-10,5.889877839902568409e-13,5.190049760868504531e-13,1.101248417521536946e-06,4.656088844870490731e-09,2.963806878677435893e-09,1.249622047221686976e-13,1.074377411762837806e-04,5.164502635964043547e-06,2.595293959766231360e-07,4.425970716943255284e-08,1.002675032546061846e-08,2.528130087254137306e-17,8.484404333063808732e-16,4.892286547189641980e-14,2.633290747683086385e-07,9.739344514979068146e-19,9.605062697914271530e-21,1.183360793912768714e-08,3.358218298403490429e-10,3.713364310140246682e-12,4.369490724407847298e-11,9.463678295422870385e-11
0.000000000000000000e+00,0.000000000000000000e+00,0.000000000000000000e+00,0.000000000000000000e+00,0.000000000000000000e+00,0.000000000000000000e+00,0.000000000000000000e+00,0.000000000000000000e+00,0.000000000000000000e+00,0.000000000000000000e+00,0.000000000000000000e+00,0.000000000000000000e+00,0.000000000000000000e+00,0.000000000000000000e+00,1.735159557677380465e-04,4.469538428233272504e-08,8.052267078748728320e-13,4.042719430951505232e-04,4.919604225734755150e-11,1.265981409906135102e-08,1.381995647600613248e-08,6.943623966326961129e-33,0.000000000000000000e+00,0.000000000000000000e+00,0.000000000000000000e+00,4.771228783711848113e-10,4.646857089135599032e-08,5.235232511066757378e-06,4.670857612784028699e-05,1.465592975581107359e-15,5.855151729744035002e-10,5.797196391702757708e-07,9.018027203476533024e-17,5.317894853664498774e-11,1.167481833900186852e-10,4.978794380311381698e-11,7.296891723259794538e-09,9.581547539016856175e-14,3.784826323306207793e-05,5.936134613566159994e-10,1.016253501110650818e-08,6.426099252350998982e-08,2.741632655565071968e-15,8.979970388598474647e-17,1.161561821835273555e-04,3.143834013941742929e-12,3.107460940485843695e-10,4.008764572727840085e-08,1.286511386682903535e-14,1.725518616505130927e-11,1.060753143116473506e-05,3.705821416254611249e-05,5.503549350808209317e-13,2.856287913278635760e-11,5.380996457296902158e-15,3.145038779222026209e-17,2.778098612998325071e-07,2.514626633475724743e-19,3.086027846703503775e-09,1.107976214333941754e-03,2.459280692105004863e-09,1.964451336921822658e-09,9.976525709155942279e-01,2.443324735308323607e-09,5.279382166659613120e-13,5.014064408961880601e-13,1.969232669526074329e-06,1.544541851155508366e-11,6.069608404189747529e-17,6.545592156610493474e-06,5.397006379868319160e-13,2.085008728070949255e-10,2.355790352991813605e-11,1.549626704768367206e-10,1.937735831452738479e-07,1.510233484429901763e-16,3.485341693939578789e-12,4.443917874596040508e-12,2.817031404443978544e-05,3.378250150724656131e-05,3.521614143293824674e-05,6.232541292418876248e-05,1.305542438595985490e-07,2.929553858916429598e-10,7.658060830693294666e-08,6.629200530658814930e-10,2.158144733605143643e-05,6.634512630925439129e-10,1.057254664841890717e-12,9.060395918589129640e-13,1.954783931915956181e-06,8.184623527320916285e-09,5.088775957121354055e-09,2.159400259260981418e-13,2.032403145472408326e-04,1.046614266360689817e-05,5.125615405001445861e-07,8.417884932908444675e-08,1.962553215775584934e-08,4.569343314873701035e-17,1.467991590949584340e-15,9.444219730058244901e-14,6.305375099497861404e-07,1.894304012437051972e-18,1.921841388285183227e-20,2.586920814868414846e-08,5.749621222943006979e-10,8.928437465810765380e-12,9.368231757923257094e-11,2.020103244956719185e-10
0.000000000000000000e+00,0.000000000000000000e+00,0.000000000000000000e+00,0.000000000000000000e+00,0.000000000000000000e+00,0.000000000000000000e+00,0.000000000000000000e+00,0.000000000000000000e+00,0.000000000000000000e+00,0.000000000000000000e+00,0.000000000000000000e+00,0.000000000000000000e+00,0.000000000000000000e+00,0.000000000000000000e+00,3.561068903250634793e-04,2.073425286423836339e-07,2.569438427436769783e-12,8.671233123926912765e-04,1.796247319321436219e-10,3.929774958870906917e-08,4.906078072846747996e-08,6.943591470228607975e-33,0.000000000000000000e+00,0.000000000000000000e+00,0.000000000000000000e+00,9.078219099262069104e-10,1.149233106274055252e-07,9.422621297111703176e-06,1.211167266524004933e-04,4.668283081600734103e-15,1.635117272521820853e-09,2.178969792906060049e-06,2.377919374747321548e-16,1.330556013885174449e-10,4.015369848725420156e-10,2.142328426694370554e-10,1.641865147569489522e-08,1.878049302456733245e-13,9.192323432093835178e-05,1.185792446734856167e-09,2.649823638502568770e-08,1.194011365757614231e-07,8.398303226593637301e-15,4.010984372708985080e-16,3.022302549769612687e-04,1.049966447033725102e-11,5.152423010362921612e-10,1.242637333449700673e-07,5.700067829221957636e-14,4.824525994887691524e-11,2.034557677691360646e-05,9.848075003318077826e-05,1.083515190538750227e-12,1.657829423622065191e-10,2.206940817646985075e-14,1.786446012535620419e-16,6.830776199049320877e-07,1.012570249954620074e-18,1.164335531616307727e-08,2.064680208692133180e-03,3.902376171924695037e-09,3.023247334680699284e-09,9.953877688903361998e-01,4.904557279537229411e-09,1.640268123744134010e-12,1.556566940895482458e-12,5.132278244332511504e-06,1.027911525582780449e-10,4.288418263494079119e-16,1.450867577904958871e-05,1.699649388832801005e-12,9.235666711373162667e-10,4.435507692429351334e-11,5.869037674020729735e-10,5.085579716093563435e-07,6.368325431811658826e-16,7.399656923212309052e-12,9.325467258646471156e-12,4.282494212610618941e-05,6.094307736277410087e-05,5.195539771430241594e-05,1.128411358442293514e-04,3.619289224718793743e-07,1.107024118766291259e-09,3.120112301283522932e-07,2.624410594334230761e-09,4.106878866289882931e-05,1.039118970815879245e-09,1.631607488943533683e-12,1.371298282296862739e-12,2.955557759383583424e-06,1.216407991317885784e-08,7.443310519130673971e-09,3.195424533196442436e-13,3.232932261570005124e-04,1.809252541982419438e-05,8.636482201611132727e-07,1.359259096197600147e-07,3.236241105789321719e-08,7.134837911773329113e-17,2.177481774648142113e-15,1.559681497594782368e-13,1.306934564022920450e-06,3.188246377561552693e-18,3.308262067927909231e-20,4.894944426019631852e-08,8.507482635136717366e-10,1.860500381138074402e-11,1.759940077210622814e-10,3.764797424922826812e-10
0.000000000000000000e+00,0.000000000000000000e+00,0.000000000000000000e+00,0.000000000000000000e+00,0.000000000000000000e+00,0.000000000000000000e+00,0.000000000000000000e+00,0.000000000000000000e+00,0.000000000000000000e+00,0.000000000000000000e+00,0.000000000000000000e+00,0.000000000000000000e+00,0.000000000000000000e+00,0.000000000000000000e+00,6.524536562080082832e-04,7.781030299044098891e-07,6.771963239181680809e-12,1.643601022730327346e-03,5.591956386187250180e-10,9.835082257060749820e-08,1.461120259937558518e-07,6.943497565230258030e-33,0.000000000000000000e+00,0.000000000000000000e+00,0.000000000000000000e+00,1.473986982118976770e-09,2.485239400447210135e-07,1.420541202716990897e-05,2.584131842441887879e-04,1.319080321541916114e-14,3.482121673032586981e-09,6.188874572251813397e-06,5.382396712317037573e-16,2.843895004877398445e-10,1.098091049329814756e-09,7.358941045987132969e-10,3.344450935748219372e-08,3.368399814262916017e-13,1.890989872359615843e-04,1.987521464053379460e-09,5.876729466944336489e-08,2.005087727800841835e-07,2.079601307368266491e-14,1.440375955304375952e-15,6.551383139595035651e-04,2.832924633593625280e-11,7.535680050905464150e-10,3.061810031692191220e-07,1.877161101476218893e-13,1.003893809945245424e-10,3.202932122618812669e-05,2.141694088302147200e-04,1.776352228843360492e-12,6.956244698708759492e-10,6.862370277827496424e-14,7.476600983631201162e-16,1.425447770271964074e-06,3.055496851414636868e-18,3.502300182402507634e-08,3.448533917834349042e-03,5.600039810578410811e-09,4.219225246196973703e-09,9.919014673962720519e-01,8.901531602146335645e-09,4.078420640175192844e-12,3.865324900728664870e-12,1.116730162713326356e-05,4.553145940320067247e-10,2.243184609116360075e-15,2.888480774085814740e-05,4.501852459654592453e-12,3.287105872805553283e-09,7.481456798420409280e-11,1.776153520729467916e-09,1.117106625906858952e-06,1.984557894764592104e-15,1.283457729964754036e-11,1.587756844551335749e-11,5.765783685357049723e-05,9.264475679069864673e-05,6.795383639220167738e-05,1.725211935107617465e-04,8.571412490743829812e-07,3.338226418672708612e-09,1.016608448515878935e-06,7.701332699166510430e-09,6.995156247595052249e-05,1.466527495915159138e-09,2.249163951528330827e-12,1.864920288168240623e-12,3.942495864797473239e-06,1.579274440432239833e-08,9.562713826836656462e-09,4.181754490523631193e-13,4.423014497520478118e-04,2.728808835940686159e-05,1.271825385003794829e-06,1.893396155690514046e-07,4.580616908495753460e-08,9.993618653228937519e-17,2.860706590198854201e-15,2.266519120153190302e-13,2.401162878419181571e-06,4.749116553293989120e-18,5.026942103217798502e-20,8.220622919108183030e-08,1.131838547010930170e-09,3.438271033633233077e-11,2.957973632979562067e-10,6.247585126320330834e-10
0.000000000000000000e+00,0.000000000000000000e+00,0.000000000000000000e+00,0.000000000000000000e+00,0.000000000000000000e+00,0.000000000000000000e+00,0.000000000000000000e+00,0.000000000000000000e+00,0.000000000000000000e+00,0.000000000000000000e+00,0.000000000000000000e+00,0.000000000000000000e+00,0.000000000000000000e+00,0.000000000000000000e+00,1.095471575909609920e-03,2.383991051784248538e-06,1.516100792040186317e-11,2.801331347799273976e-03,1.487715002909898110e-09,2.027870181051417369e-07,3.648438701251516452e-07,6.943264670703556289e-33,0.000000000000000000e+00,0.000000000000000000e+00,0.000000000000000000e+00,2.145503091627573392e-09,4.819463489750053169e-07,1.878450590355594353e-05,4.707808933535600343e-04,3.280433309426760236e-14,6.096020630824244867e-09,1.392585482365241957e-05,1.091472931632909956e-15,5.393731069993257811e-10,2.526909872153413716e-09,2.143814929302967264e-09,6.299831272359152670e-08,5.681883257730398317e-13,3.405665751521228055e-04,2.962144048037022566e-09,1.147848081208582974e-07,3.138894759604645440e-07,4.454178955499464445e-14,4.377229231833117574e-15,1.219484308176817678e-03,6.365576509943670725e-11,1.007968269324738687e-09,6.156073653233807831e-07,4.831594507905913189e-13,1.695572940175407614e-10,4.367512546909946329e-05,3.964480161568459176e-04,2.566630909673307421e-12,2.237572203693990543e-09,1.740860661102787482e-13,2.369918820789989249e-15,2.613043790334905857e-06,7.425152804309958646e-18,8.843758451109286501e-08,5.300555414194938093e-03,7.597698892002140787e-09,5.570174419368434627e-09,9.870076598647724575e-01,1.503232657731573315e-08,8.670347992151302981e-12,8.201868960291404212e-12,2.091990574013161228e-05,1.458502936438774407e-09,8.498485304539605618e-15,5.273834065807293998e-05,1.040816222355814101e-11,9.748799521720410370e-09,1.160377267181604954e-10,4.524568217515232314e-09,2.119971999178145212e-06,4.885383692059619428e-15,1.920819372809715899e-11,2.313636068647044304e-11,7.163902632346522733e-05,1.242427011223311934e-04,8.187252553773951126e-05,2.313713896533720049e-04,1.815225292430825790e-06,8.460146098447551963e-09,2.679628454391256612e-06,1.794709495283276421e-08,1.096898569687552354e-04,1.949280233494101592e-09,2.890565632821869723e-12,2.374365510666264118e-12,4.829302896140863269e-06,1.861398224503279589e-08,1.119746324993027583e-08,5.028524213373674456e-13,5.369914100160035801e-04,3.692796580486287707e-05,1.687491721914667338e-06,2.328516797289579835e-07,5.706336872472511299e-08,1.307304189961691778e-16,3.459698220991991126e-15,3.003455916955718503e-13,4.007042982142716777e-06,6.443515429824477482e-18,6.952602257462753581e-20,1.259220514020038292e-07,1.414759235187216395e-09,5.766619077527845161e-11,4.564185866054488107e-10,9.464899276816697939e-10
0.000000000000000000e+00,0.000000000000000000e+00,0.000000000000000000e+00,0.000000000000000000e+00,0.000000000000000000e+00,0.000000000000000000e+00,0.000000000000000000e+00,0.000000000000000000e+00,0.000000000000000000e+00,0.000000000000000000e+00,0.000000000000000000e+00,0.000000000000000000e+00,0.000000000000000000e+00,0.000000000000000000e+00,1.728110905408930271e-03,6.193987947890541551e-06,3.021582286268432115e-11,4.389747607902694596e-03,3.463449851950640799e-09,3.594376260473210429e-07,7.798220680161228899e-07,6.942750303204843871e-33,0.000000000000000000e+00,0.000000000000000000e+00,9.290077596499684491e-20,2.949930178404382187e-09,8.663739460952019658e-07,2.286721169583417833e-05,7.622666045404789250e-04,7.333392093523548769e-14,9.509462938838463704e-09,2.643495400811587769e-05,2.058240209401186391e-15,9.386740164273700684e-10,5.098803390819040552e-09,5.544450256568390913e-09,1.120960078372189048e-07,9.288967706491278890e-13,5.571390952664529361e-04,4.152729120598741657e-09,2.053964483011539672e-07,4.715082810813111159e-07,8.799646966946760440e-14,1.182998126381186934e-14,2.023180292384884824e-03,1.253666625604961626e-10,1.276687083372949181e-09,1.057998907673555124e-06,1.043054202096256703e-12,2.525145930416163331e-10,5.434452757063494457e-05,6.506374929070066855e-04,3.453142721932755243e-12,5.925912001459944497e-09,3.882638492699785809e-13,6.184790991913744886e-15,4.370177048427729470e-06,1.562771288818728079e-17,1.970859502358651115e-07,7.684699057042523179e-03,1.012447114276553693e-08,7.211304319359599993e-09,9.805146941558537943e-01,2.427857809156719945e-08,1.676240073037104624e-11,1.581579323788333869e-11,3.502964530157161755e-05,3.740084210955627814e-09,2.514185109650032459e-14,9.019170985973919065e-05,2.193017104984129991e-11,2.519374827810246915e-08,1.702937737424678967e-10,1.020466220995957973e-08,3.611758955236604001e-06,1.023534296823877636e-14,2.621522599180223106e-11,3.044809981942740678e-11,8.500715768836248406e-05,1.529091737142224594e-04,9.380419095002828929e-05,2.817067052197234412e-04,3.568378167162659234e-06,1.894795267374920006e-08,5.904055998770066224e-06,3.563984862079507730e-08,1.625716773694748545e-04,2.532128327911818761e-09,3.589518228030142744e-12,2.929186713249810228e-12,5.613823557989146598e-06,2.055578592160808029e-08,1.232037964005548568e-08,5.735251598708564205e-13,5.962405200129678503e-04,4.608957585072626664e-05,2.077401055754785894e-06,2.586893890296746374e-07,6.411087690549582070e-08,1.649529869625718956e-16,3.976889914831234880e-15,3.755680487228287613e-13,6.221101969086736468e-06,8.196535678733788272e-18,9.017347969351712945e-20,1.804042102713598154e-07,1.718868519255937912e-09,8.975231204920661308e-11,6.651279592273475147e-10,1.345184293641536072e-09
0.000000000000000000e+00,0.000000000000000000e+00,0.000000000000000000e+00,0.000000000000000000e+00,0.000000000000000000e+00,0.000000000000000000e+00,0.000000000000000000e+00,0.000000000000000000e+00,0.000000000000000000e+00,0.000000000000000000e+00,0.000000000000000000e+00,0.000000000000000000e+00,0.000000000000000000e+00,0.000000000000000000e+00,2.619036092824255594e-03,1.426801948012241146e-05,5.629267623129983001e-11,6.470992052818989697e-03,7.271441718639478224e-09,5.720267692038740542e-07,1.463688269967443730e-06,6.941689088761654821e-33,0.000000000000000000e+00,0.000000000000000000e+00,1.993311071172005236e-19,4.007100166544543236e-09,1.491407612552538761e-06,2.663318326691086057e-05,1.133183929948031838e-03,1.538081534904791030e-13,1.409978821337969026e-08,4.477398734007672813e-05,3.732724644163489126e-15,1.544537493113336299e-09,9.297656923601533899e-09,1.319557124105531486e-08,1.926290282925175009e-07,1.520095772204581429e-12,8.556164989217912662e-04,5.736682421447665862e-09,3.493859774330213995e-07,6.968867879138572626e-07,1.695014062571855143e-13,2.979054609562548662e-14,3.093343313264725492e-03,2.276360977268707631e-10,1.576493156089394276e-09,1.624004767783762833e-06,2.009453039502451814e-12,3.532652857149041284e-10,6.422484765160156595e-05,9.779932655521906149e-04,4.521950302273028411e-12,1.378584010467037968e-08,8.132610037852545992e-13,1.446091534790411959e-14,6.898939765931462931e-06,3.032571460104523823e-17,4.041647317400030254e-07,1.072991020354399291e-02,1.368295304551341695e-08,9.433059534716364928e-09,9.721052482468739431e-01,3.848357270317248595e-08,3.105917090086605501e-11,2.920508849651134017e-11,5.423464876388237445e-05,8.392972102139991175e-09,6.375084916108798264e-14,1.475758204438203536e-04,4.398019416542543552e-11,5.941864102189587342e-08,2.436493097538331782e-10,2.129740702461930321e-08,5.721778458569106613e-06,1.949466754906563346e-14,3.411568047150263126e-11,3.776950702958587456e-11,9.882045260482076121e-05,1.774893545816079931e-04,1.046127031457429727e-04,3.191645991180705119e-04,6.713709795178681435e-06,3.904472697079499771e-08,1.124301999743507274e-05,6.401185143586607491e-08,2.328720464448077326e-04,3.310884326081585573e-09,4.419444908340655583e-12,3.595835803446344779e-12,6.338416188777160370e-06,2.168611573888263907e-08,1.299880594679588908e-08,6.343864000479354071e-13,6.194246721580773905e-04,5.431479680567701034e-05,2.429611027637902076e-06,2.642113948842095235e-07,6.610726831494871749e-08,2.052772975352119880e-16,4.440618030051289689e-15,4.558900594509246417e-13,9.182258683018193734e-06,1.003220719685819982e-17,1.124355053498875392e-19,2.466776502979216919e-07,2.074004376704684228e-09,1.322302407966977676e-10,9.429084814773909533e-10,1.839624402229246435e-09
0.000000000000000000e+00,0.000000000000000000e+00,0.000000000000000000e+00,0.000000000000000000e+00,0.000000000000000000e+00,0.000000000000000000e+00,0.000000000000000000e+00,0.000000000000000000e+00,0.000000000000000000e+00,0.000000000000000000e+00,0.000000000000000000e+00,0.000000000000000000e+00,0.000000000000000000e+00,0.000000000000000000e+00,3.893526983553368976e-03,3.035055255763393148e-05,1.027880721573305019e-10,9.167225194565354479e-03,1.418480455556952522e-08,8.480138603987475966e-07,2.464149228503533246e-06,6.939541092945491926e-33,0.000000000000000000e+00,0.000000000000000000e+00,4.521980931796155339e-19,5.592220894771217461e-09,2.537446405574516755e-06,3.050549092496090731e-05,1.582630082937472446e-03,3.183256965789812278e-13,2.083160552875585122e-08,7.073558662677647212e-05,6.737923598818250652e-15,2.472385884150126257e-09,1.568068250691458766e-08,2.982908975409318409e-08,3.278605254059587753e-07,2.589843490171001936e-12,1.269146352551933036e-03,8.132522596482488020e-09,5.852618781960546934e-07,1.038532343976433746e-06,3.357250403160111745e-13,7.329501368011863434e-14,4.477669798238950727e-03,3.984191708765900022e-10,1.947403363620290566e-09,2.300890095013849021e-06,3.617751165802993450e-12,4.857192828947734079e-10,7.418231555817499730e-05,1.377091724226128496e-03,5.977746693043064265e-12,2.975165696063949118e-08,1.700853616317664136e-12,3.252625583030244462e-14,1.059484503837177195e-05,5.729899179145967777e-17,7.931724111962596106e-07,1.469598387572512710e-02,1.935601996094819233e-08,1.281735155036504171e-08,9.611605310148527703e-01,6.152556462286470945e-08,5.790959927213578932e-11,5.420708093056291262e-11,7.982881232351840995e-05,1.773790311717564802e-08,1.508267266182446255e-13,2.362234357589804178e-04,8.767134171313124836e-11,1.339179558908137153e-07,3.495392866558874604e-10,4.286222004695940824e-08,8.688140568915537237e-06,3.572150319457595548e-14,4.382094108498284688e-11,4.550576331254005813e-11,1.147742141845756972e-04,1.974798733464318192e-04,1.153041769410165186e-04,3.409685088697905222e-04,1.243536306927719339e-05,7.697979695845246145e-08,1.896220119154083995e-05,1.092132921768767719e-07,3.291458246032543116e-04,4.477702622151939773e-09,5.538638370690178363e-12,4.495453551408651247e-12,7.059589694078620138e-06,2.217188765561141100e-08,1.330759564993158399e-08,6.909867784271092658e-13,6.092260363010338318e-04,6.165357936379261888e-05,2.744735908087254113e-06,2.503138405131886515e-07,6.322031535121454607e-08,2.572806878219244582e-16,4.898845757685337241e-15,5.503625391894163763e-13,1.314451315505589959e-05,1.214474216424019421e-17,1.385321091844983934e-19,3.273366050780739232e-07,2.527765141196323724e-09,1.878017485000894243e-10,1.336210200659320791e-09,2.486714544075134599e-09
0.000000000000000000e+00,0.000000000000000000e+00,0.000000000000000000e+00,0.000000000000000000e+00,0.000000000000000000e+00,0.000000000000000000e+00,0.000000000000000000e+00,0.000000000000000000e+00,0.000000000000000000e+00,0.000000000000000000e+00,0.000000000000000000e+00,0.000000000000000000e+00,0.000000000000000000e+00,0.000000000000000000e+00,5.804604568210044654e-03,6.181550554878353075e-05,1.931710616636776132e-10,1.273473648096278867e-02,2.640522297442088098e-08,1.202530529826060645e-06,3.755726438642715760e-06,6.935040814510246598e-33,0.000000000000000000e+00,0.000000000000000000e+00,1.167457494344764499e-18,8.376475522504382680e-09,4.425049210664267359e-06,3.510539822415387846e-05,2.102928478624368439e-03,6.879865455046391068e-13,3.189219456402239911e-08,1.080856283045909241e-04,1.258844853444698241e-14,3.962231798995832133e-09,2.482920974712209642e-08,6.622442504284613371e-08,5.715083578814096563e-07,4.840450778909807784e-12,1.869080894018936533e-03,1.235147727082282269e-08,1.004874823716349895e-06,1.608248842856622683e-06,7.266330746284680339e-13,1.865499190456441165e-13,6.269490035528916573e-03,7.002763513230626305e-10,2.461853579701625982e-09,3.067011928833826531e-06,6.282893846524553704e-12,6.786057676130029134e-10,8.536416560086742839e-05,1.836746418372719059e-03,8.258998954913255381e-12,6.255171449666276947e-08,3.792152700726284062e-12,7.507661123102531719e-14,1.632232877481371995e-05,1.110727887814562370e-16,1.552906084817986953e-06,2.011873169249648804e-02,2.983038017187671467e-08,1.872052391103453457e-08,9.464303130479100323e-01,1.026821112850430095e-07,1.144797090166355926e-10,1.065050217217539400e-10,1.143463406050937095e-04,3.781603946865428545e-08,3.600935459901082534e-13,3.798183458632017136e-04,1.824117588630077310e-10,3.035551395867282301e-07,5.195373996903046595e-10,8.697293939453113627e-08,1.300662149507802090e-05,6.645321727081990416e-14,5.708581311330674148e-11,5.430110629088892031e-11,1.353747794009574107e-04,2.110111293462962770e-04,1.268237758287003576e-04,3.424012052444592221e-04,2.341424110354838430e-05,1.515548196838422443e-07,2.854212528228109962e-05,1.844262641990908769e-07,4.698880128448997429e-04,6.462887304454294155e-09,7.252558175111224393e-12,5.864372271177273740e-12,7.817955353788403529e-06,2.201829136160830043e-08,1.323342795101882186e-08,7.471326756123704281e-13,5.650029745559330191e-04,6.848573144094499514e-05,3.016001976410126552e-06,2.186731449626118188e-07,5.590568016479657462e-08,3.304840574906069909e-16,5.392160990729254042e-15,6.738632662572312324e-13,1.862800884260190827e-05,1.498274210224362784e-17,1.737938821336306442e-19,4.279259187266350060e-07,3.148863139246735574e-09,2.621260788025877331e-10,1.952831948741051754e-09,3.409619044758240589e-09
0.000000000000000000e+00,0.000000000000000000e+00,0.000000000000000000e+00,0.000000000000000000e+00,0.000000000000000000e+00,0.000000000000000000e+00,0.000000000000000000e+00,0.000000000000000000e+00,0.000000000000000000e+00,0.000000000000000000e+00,0.000000000000000000e+00,0.000000000000000000e+00,0.000000000000000000e+00,0.000000000000000000e+00,8.934131626001901028e-03,1.249197087030711373e-04,3.970151031229176559e-10,1.772577057748582138e-02,4.769803711374806432e-08,1.649723582848169932e-06,5.078043009027907166e-06,6.924528716845279346e-33,0.000000000000000000e+00,0.000000000000000000e+00,3.847277682940045336e-18,1.435513030356127923e-08,8.355722662312265196e-06,4.128715735062316521e-05,2.641983451474373603e-03,1.673362855139719734e-12,5.265222657771727302e-08,1.654579212175909372e-04,2.571358693533147024e-14,6.577610009203332259e-09,3.678620245279471093e-08,1.506901611172578511e-07,1.077106400630817152e-06,1.078355760687697521e-11,2.827124138153019276e-03,2.129143302152689659e-08,1.875686217215063966e-06,2.717504168367926661e-06,1.880050468961154734e-12,5.361446138711142800e-13,8.642032943838674763e-03,1.289838574501563633e-09,3.254348661485413579e-09,3.835312012145670499e-06,1.066995451833559884e-11,9.875522506336057293e-10,9.853071136654426357e-05,2.293494079849883304e-03,1.241475494317618062e-11,1.350465463702599379e-07,9.858463338742946194e-12,1.908901696894496092e-13,2.627023379268982558e-05,2.348855498590342237e-16,3.198508573295190165e-06,2.821571482987782209e-02,5.341276796455031664e-08,3.097768529178036759e-08,9.252110153327960385e-01,1.889428932753279889e-07,2.576179975475654787e-10,2.375657219343004423e-10,1.629014717475508176e-04,8.849701876868977218e-08,9.460267975458483514e-13,6.372778933735247925e-04,4.230406977944181102e-10,7.426943286425637119e-07,8.329196930949583197e-10,1.890320993157333410e-07,1.982089969664130812e-05,1.336245653736481152e-13,7.695302128617032770e-11,6.441010435128731684e-11,1.644254307032374238e-04,2.110407230982943346e-04,1.392413435170094247e-04,3.111222164549223932e-04,4.698924433869541525e-05,3.146239185171581554e-07,3.721739676756366175e-05,3.199153381533987767e-07,7.010986429185935139e-04,1.041370168290565819e-08,1.029075424970773865e-11,8.240181557512543402e-12,8.563863855673816547e-06,2.093122902284129642e-08,1.255490972079808993e-08,7.994374159265052097e-13,4.766523644367565865e-04,7.490804895481988849e-05,3.180379946881917540e-06,1.692943183597878017e-07,4.419390988777535707e-08,4.423842462674424804e-16,5.926311235266384549e-15,8.489935993608908535e-13,2.680899764216301489e-05,1.958167423211119868e-17,2.309604924874172993e-19,5.599715120514840751e-07,4.033394234924376473e-09,3.684831392187766442e-10,3.053706605000487073e-09,4.864891604863987679e-09
0.000000000000000000e+00,0.000000000000000000e+00,0.000000000000000000e+00,0.000000000000000000e+00,0.000000000000000000e+00,0.000000000000000000e+00,0.000000000000000000e+00,0.000000000000000000e+00,0.000000000000000000e+00,0.000000000000000000e+00,0.000000000000000000e+00,0.000000000000000000e+00,0.000000000000000000e+00,0.000000000000000000e+00,1.487128727937734977e-02,2.599997969290849674e-04,9.569168732920602980e-10,2.536744257960161369e-02,7.996108291659827111e-08,2.088954784345121580e-06,5.340205753985416252e-06,6.893200028504641350e-33,0.000000000000000000e+00,0.000000000000000000e+00,1.973186196803217199e-17,3.116923336246019891e-08,1.898186875960306138e-05,4.930967968037683888e-05,2.880357957454243983e-03,5.068221407917214625e-12,9.571918098680826237e-08,2.643675230213532760e-04,6.205874192438450348e-14,1.170884265261736767e-08,4.689270860421560176e-08,3.732275978017103642e-07,2.446256355333172312e-06,3.292578527202092245e-11,4.630968080197906539e-03,4.453155492834269854e-08,4.235255023526006540e-06,5.529584839463015444e-06,6.702223651634679514e-12,2.057954095880852267e-12,1.183209546348541925e-02,2.561601729667062262e-09,4.475307404152826273e-09,4.168510684895553736e-06,1.668243265814011755e-11,1.460844795209096216e-09,1.082887684222806168e-04,2.400824310010980182e-03,2.089178760671407600e-11,3.198405897743969105e-07,3.400595475595743881e-11,5.706317391868698233e-13,4.732765722275342912e-05,5.773019079481493016e-16,7.549002628742491993e-06,4.223851931201301479e-02,1.231923963848300597e-07,6.257626088046313487e-08,8.910319239928626844e-01,4.242511960173331012e-07,7.260586368090454393e-10,6.602970018603241930e-10,2.353499497690528057e-04,2.585563154626869634e-07,2.979148327620297473e-12,1.191421746903860608e-03,1.189664154664083820e-09,2.219684519861126268e-06,1.491152031810867427e-09,4.882964050945586625e-07,3.208640774981074014e-05,3.105834417379922062e-13,1.044539053792201997e-10,7.103433172460102560e-11,2.025921668405095892e-04,1.738637947269461022e-04,1.455474351765339625e-04,2.178067069208692219e-04,1.099403326492384578e-04,7.523343856820965600e-07,3.577031586448885269e-05,5.734189413303624160e-07,1.167962281974019691e-03,1.975642362355286719e-08,1.660084186694007656e-11,1.283274941511076567e-11,8.699014619320874549e-06,1.774480504142929974e-08,1.041525162783225865e-08,8.027966525543829636e-13,3.178466152101979900e-04,7.756926380227382382e-05,2.933475831568362123e-06,1.002222289896160569e-07,2.753833406472715632e-08,6.106841472374682129e-16,6.227182972947897281e-15,1.074890579510155242e-12,4.069633218772524853e-05,2.828372365016257303e-17,3.441127232348626644e-19,7.491010730905097376e-07,5.112616829342102534e-09,5.440872664690577201e-10,5.245707604206690423e-09,7.228018670297762786e-09
0.000000000000000000e+00,0.000000000000000000e+00,0.000000000000000000e+00,0.000000000000000000e+00,0.000000000000000000e+00,0.000000000000000000e+00,0.000000000000000000e+00,0.000000000000000000e+00,0.000000000000000000e+00,0.000000000000000000e+00,0.000000000000000000e+00,0.000000000000000000e+00,0.000000000000000000e+00,0.000000000000000000e+00,2.678973412449415711e-02,5.308487636437792846e-04,1.717413381096165199e-09,3.593941345825427125e-02,6.525491190047943492e-08,1.378254125732453032e-06,2.095538120496036356e-06,6.750407305266773727e-33,0.000000000000000000e+00,8.348452973370326546e-20,1.142532800298372673e-16,6.334117661844388890e-08,5.572421922201579514e-05,3.990036551543238192e-05,1.334174389295298292e-03,1.335930293489381714e-11,1.041920643488460109e-07,4.235601311916257767e-04,1.348198382223560002e-13,1.710289948545181580e-08,2.586852850617246985e-08,9.529186684102681087e-07,7.420195751449951588e-06,1.027322243986766483e-10,8.176611143330507481e-03,6.378536966518951887e-08,1.171859792570133048e-05,1.451160569925494477e-05,2.208147107059479455e-11,1.172118362948675852e-11,1.490943199105779562e-02,3.642485849445129957e-09,3.891839105649079650e-09,2.372512847341047504e-06,1.273450827331849675e-11,1.007926599116309515e-09,5.684975325683656845e-05,8.776372079450739340e-04,2.273431628542789427e-11,7.603996419689556383e-07,9.743050469609573698e-11,1.106014015237550343e-12,9.789081315479616918e-05,9.750857363127318095e-16,2.048182262291076142e-05,6.825608674073785354e-02,2.512804199146844054e-07,1.015301622153345971e-07,8.363232921643120044e-01,1.119294740466125197e-06,1.598094260843336653e-09,1.424093513822948287e-09,3.266103223803685130e-04,8.485974068811178994e-07,5.862084133098229016e-12,2.525734574431949021e-03,2.839682594690712971e-09,8.641999562817030524e-06,1.902726054081544151e-09,1.538502130999184486e-06,5.277717818563283365e-05,4.932115595521254681e-13,6.965310520699379503e-11,3.406360951655870447e-11,1.539961087121132530e-04,5.442457446910480619e-05,8.440035501322045916e-05,5.171297317837785136e-05,3.285466798474738709e-04,2.086785396588343198e-06,1.217262592276816142e-05,5.853590419827015897e-07,2.312592113329065349e-03,2.813375200224138751e-08,2.206497960058157070e-11,1.450463394450359286e-11,4.628005468022640687e-06,8.638979457005761233e-09,4.424003578487056311e-09,4.563950775463955830e-13,8.793861596835035209e-05,4.880431575275304785e-05,1.256343436030857790e-06,2.495788150500371594e-08,8.251741637513954731e-09,5.219621172240630805e-16,3.825157668177706503e-15,8.033632822328682800e-13,6.491003153971308865e-05,3.163032618396727494e-17,4.259276267036424591e-19,1.024685364586801096e-06,3.618692550991275904e-09,8.800976229311743026e-10,6.253244595587618462e-09,6.877777892381807134e-09
0.000000000000000000e+00,0.000000000000000000e+00,0.000000000000000000e+00,0.000000000000000000e+00,0.000000000000000000e+00,0.000000000000000000e+00,0.000000000000000000e+00,0.000000000000000000e+00,0.000000000000000000e+00,0.000000000000000000e+00,0.000000000000000000e+00,0.000000000000000000e+00,0.000000000000000000e+00,0.000000000000000000e+00,3.464379022700638661e-02,7.117051642625921116e-04,5.392060999798343084e-10,3.832194289623839373e-02,1.161713960587425842e-08,2.687838472633362774e-07,2.647423811591732485e-07,2.888050977676081034e-26,0.000000000000000000e+00,4.503894080859879306e-20,6.866675527556608169e-17,2.511261766131453309e-08,9.224771329759325902e-05,1.034722215337438688e-05,9.271841261098677522e-05,6.321056852195376046e-12,1.116884823084114479e-08,4.766858972968467090e-04,6.926052688951129546e-14,7.782683932309085209e-09,2.824152873375422343e-09,1.304840815240781948e-06,1.333311789185348996e-05,5.214325176985117651e-11,9.951675379223033288e-03,1.100458828712987143e-08,1.654372068421558996e-05,2.269248030958136237e-05,1.082170314460800583e-11,2.525114921760555165e-11,1.480265735960359028e-02,1.346872894701291531e-09,8.015423042671387971e-10,5.729835862401843692e-07,2.845052347794658962e-12,5.041239059429077414e-11,6.113306378927417681e-06,3.126381725430997055e-05,4.968849869851560927e-12,9.270647296731611638e-07,2.840029557864295222e-11,2.372594168019270115e-13,1.364196685069350397e-04,2.353843729459021401e-16,3.019288988459757110e-05,8.379718000623712082e-02,7.684205346810663169e-08,2.878337507173896328e-08,8.088226591056059123e-01,1.343943474776004687e-06,4.423518764040689922e-10,3.904056250640740310e-10,3.530653522320821060e-04,1.047709784027681315e-06,1.278476503988620909e-12,3.484073630778197327e-03,1.397741885369676730e-09,1.644906286008715899e-05,5.280140209188117919e-10,2.443992291693976961e-06,5.937039213671191872e-05,1.120581262306887536e-13,7.870896034785904139e-12,3.460484891815254043e-12,2.949192990787494504e-05,4.849199558520036271e-06,1.473345458777490996e-05,4.126294771086252069e-06,6.405303561177918799e-04,3.110390728854737706e-06,1.853919308199987124e-06,1.044285003271143976e-07,3.298628511642148851e-03,7.130049637557708142e-09,7.522195606966818326e-12,4.115179698684775221e-12,7.352237641919087449e-07,1.834218120342109701e-09,7.948059237335263174e-10,9.332527307164523472e-14,1.006014502017928964e-05,1.086642927683419336e-05,1.614907125690152545e-07,3.359509882993733723e-09,1.351861240869269491e-09,1.105487828664669374e-16,8.173827248478469579e-16,1.464512999768284316e-13,7.805831689577232230e-05,9.974226975850047563e-18,1.293314951651778599e-19,1.188655154347965054e-06,6.875824105793002262e-10,1.126512975510285639e-09,1.677633800730698987e-09,1.620851862049755269e-09
0.000000000000000000e+00,0.000000000000000000e+00,0.000000000000000000e+00,0.000000000000000000e+00,0.000000000000000000e+00,0.000000000000000000e+00,0.000000000000000000e+00,0.000000000000000000e+00,0.000000000000000000e+00,0.000000000000000000e+00,0.000000000000000000e+00,0.000000000000000000e+00,0.000000000000000000e+00,0.000000000000000000e+00,3.860481189725184503e-02,8.079488374724248063e-04,5.482370615222303870e-10,3.769277230808400908e-02,9.278413752820511324e-09,2.265720099125247722e-07,1.848438448664435813e-07,2.635704495240221622e-26,0.000000000000000000e+00,6.787227180232007718e-20,9.905140516593470548e-17,2.679854385094484371e-08,1.137992420441671790e-04,9.230890208504226909e-06,5.612189143485217752e-05,6.701557613546456789e-12,8.238257970339996769e-09,4.836017471928806002e-04,6.849282565947615170e-14,6.996900548147678191e-09,1.998628983328589839e-09,1.414566098430767526e-06,1.749919310746522245e-05,6.375326726587257839e-11,1.059920944661595435e-02,1.083662653248323848e-08,1.841377157616542470e-05,2.757014562924886921e-05,1.482081957318347503e-11,3.504517187293289188e-11,1.427368249744665092e-02,1.244828505017135450e-09,7.432516948724423340e-10,4.416230106827059812e-07,2.284931276424355707e-12,3.227614747362732983e-11,4.986957288775726251e-06,1.698770939873545203e-05,4.834558009773237091e-12,9.504049379333176020e-07,3.288913413857339326e-11,2.226710272545002580e-13,1.581954790145068243e-04,2.613998444563673006e-16,3.500565378328812150e-05,9.093294717038404029e-02,8.333649388743109931e-08,3.030220969338253323e-08,7.968105516071053440e-01,1.634794366090265653e-06,5.082336028221969632e-10,4.467058896706215336e-10,3.601511892783681133e-04,1.049365326195103099e-06,1.160398411722894385e-12,3.963387723343261664e-03,1.504277641306226685e-09,2.181724102267741379e-05,5.357644741457744054e-10,2.929870945475482848e-06,6.053447757644791815e-05,1.120280459202001325e-13,6.977578007648225739e-12,2.925919440503906188e-12,2.652056880798519319e-05,3.570469336589023001e-06,1.279396513116319155e-05,2.922997188005305999e-06,8.853161992901795521e-04,3.622961126039872480e-06,1.261090553196085182e-06,9.955005630224739460e-08,3.883361763870370707e-03,7.145409821614678955e-09,7.920301363589221642e-12,4.154243150014372342e-12,6.124480709052141003e-07,1.602537010975343599e-09,6.686164879734573274e-10,8.270277539005312274e-14,7.393871153561142725e-06,9.570934613162816897e-06,1.304676496085524865e-07,2.543677300560081528e-09,1.072986960147100358e-09,1.078161784190803986e-16,7.363877658737205748e-16,1.292614171199775270e-13,8.328628234893340648e-05,9.121542177302164419e-18,1.291663031037344759e-19,1.275632659403412046e-06,6.290031358703612043e-10,1.259349216917612610e-09,1.679210308705540686e-09,1.546820761458474221e-09
0.000000000000000000e+00,0.000000000000000000e+00,0.000000000000000000e+00,0.000000000000000000e+00,0.000000000000000000e+00,0.000000000000000000e+00,0.000000000000000000e+00,0.000000000000000000e+00,0.000000000000000000e+00,0.000000000000000000e+00,0.000000000000000000e+00,0.000000000000000000e+00,0.000000000000000000e+00,0.000000000000000000e+00,4.315616720454156646e-02,9.202398182564208414e-04,6.708009982477642915e-10,3.684627271147959682e-02,8.851911609958149858e-09,2.239475594954919367e-07,1.510575234180954812e-07,2.351793273581051678e-26,0.000000000000000000e+00,1.309310053669270783e-19,1.799434137120326649e-16,3.450790205819780298e-08,1.422858491021222152e-04,9.669231797427887734e-06,4.856076256905379697e-05,8.376374541310681309e-12,8.823362393357258634e-09,4.897808975409589710e-04,7.740100298895363077e-14,7.044955152295372582e-09,1.789581586231153358e-09,1.528436438347577736e-06,2.338347707430349305e-05,9.462022267309877586e-11,1.138185579771823323e-02,1.373737767592594604e-08,2.096514795456866099e-05,3.440274284779030653e-05,2.407877216983832718e-11,5.235234750588259847e-11,1.369019680446329108e-02,1.322790944602321661e-09,8.403601274262268431e-10,3.813884120412061007e-07,2.123757916774377698e-12,3.227154564535556914e-11,5.098008221651281310e-06,1.420722477470175534e-05,5.716264433167651898e-12,9.814487303744512324e-07,4.882084694237161617e-11,2.683192984811395436e-13,1.851664989331711542e-04,3.655801663526703316e-16,4.162055758447494108e-05,9.945380791106873952e-02,1.122143054309597056e-07,3.934653681048790848e-08,7.825029587570847545e-01,2.097163036453308920e-06,7.428367712211667128e-10,6.501936232781156318e-10,3.678614858312531915e-04,1.050829956308669599e-06,1.276620257664150695e-12,4.576798747507135161e-03,1.889856086870688972e-09,2.959047810913231498e-05,6.619140092156183520e-10,3.628338962350986038e-06,6.198691235697424348e-05,1.393184381111386594e-13,7.888423296385817594e-12,3.127086479325764582e-12,2.882053037657869004e-05,3.196329729337345646e-06,1.333103595688166762e-05,2.507041729972256134e-06,1.191155543234727766e-03,4.332090630687731134e-06,9.681280649332014427e-07,1.183082428767716196e-07,4.634618618304123250e-03,8.777101319894564564e-09,1.003007850048122358e-11,5.041905956825813994e-12,6.089659576641696293e-07,1.640156221108295633e-09,6.587461994578448920e-10,8.649918210537954184e-14,6.423831077172181668e-06,1.001692614983744841e-05,1.284784737434727562e-07,2.249412544927779745e-09,9.955759321209403639e-10,1.285492935789442565e-16,7.846506216429064982e-16,1.383528715827412750e-13,8.922302654742012842e-05,9.698443156652052240e-18,1.554146952918238370e-19,1.377847615912412453e-06,6.990523629721990602e-10,1.418982564236517822e-09,2.042081711372020505e-09,1.788242119626448496e-09
0.000000000000000000e+00,0.000000000000000000e+00,0.000000000000000000e+00,0.000000000000000000e+00,0.000000000000000000e+00,0.000000000000000000e+00,0.000000000000000000e+00,0.000000000000000000e+00,0.000000000000000000e+00,0.000000000000000000e+00,0.000000000000000000e+00,0.000000000000000000e+00,0.000000000000000000e+00,0.000000000000000000e+00,4.885277480317585380e-02,1.064791486544270412e-03,8.855847801148937845e-10,3.572014745175402378e-02,8.527213717831267255e-09,2.257115492833048417e-07,1.197122012600166103e-07,4.236095482929086156e-25,0.000000000000000000e+00,2.987203535557187516e-19,3.800287208555686776e-16,4.839309988633417462e-08,1.842364486753711374e-04,1.044854225597513023e-05,4.162556406490157353e-05,1.125862866204608918e-11,9.934356835931689583e-09,4.960478568694479031e-04,9.139354582962682756e-14,7.184128069892769238e-09,1.615386052401340395e-09,1.658289648468564652e-06,3.272984872113555115e-05,1.566354952943836073e-10,1.244168313117744590e-02,1.897022939038025754e-08,2.491400943615859989e-05,4.523769483991551150e-05,4.441739274181063001e-11,8.836614519747294900e-11,1.302379332561106468e-02,1.458336695194767753e-09,1.002874336607414019e-09,3.240865940368488632e-07,1.959655812580276665e-12,3.335562183312349224e-11,5.367752623063487097e-06,1.166688652856287065e-05,7.193636982093846712e-12,1.033351843295096578e-06,8.263488532325714179e-11,3.499285363742912657e-13,2.218928327938576200e-04,5.649101270883488319e-16,5.198978298733452133e-05,1.106629976944389637e-01,1.659539311792317410e-07,5.593912598670887776e-08,7.636693317250293767e-01,2.876551424320317040e-06,1.226882174710430410e-09,1.068579616962368013e-09,3.771234308983359342e-04,1.055947755140886181e-06,1.483799439766209394e-12,5.458149985809692371e-03,2.529413019720758783e-09,4.228089295046251597e-05,8.819546754750291264e-10,4.783411601089756548e-06,6.410028079802105152e-05,1.881014452781340156e-13,9.486344483104961115e-12,3.523976415292194246e-12,3.252492891823032960e-05,2.832534276143849719e-06,1.436356974342763055e-05,2.119216056927475012e-06,1.605731220854032543e-03,5.452659197051176476e-06,7.018338916814248885e-07,1.512410887652886818e-07,5.705233467900973701e-03,1.153758383520744739e-08,1.380539039339274161e-11,6.566176749232415508e-12,6.131585387947524424e-07,1.726582046811106118e-09,6.597181104062844713e-10,9.337630465774236361e-14,5.462793347364625800e-06,1.082283660656520557e-05,1.291003207979842942e-07,1.967681492101287936e-09,9.269197828274870634e-10,1.646975905510499196e-16,8.674242761323460515e-16,1.529859512471456440e-13,9.659373521356815536e-05,1.069938543830934889e-17,2.010154762504359818e-19,1.509048745856041755e-06,8.258563645917526799e-10,1.630018141945656299e-09,2.666328162493980056e-09,2.191350657115441220e-09
