0.8073694056,0.8072821578,0.8073159803,0.8073469584,0.8072747871,0.8075304631,0.8070331428,0.8070172422,0.8066079698,0.8062001366,0.8050712081,0.8034231672,0.8013049815,0.7985781597,0.7949722274,0.7895419476,0.7832205508,0.7732855637,0.7584673995,0.7310670273,0.683648056,0.6604727552,0.6465578852,0.6305430606,0.6099566991
0.1604403892,0.1606819105,0.1606165484,0.1603501644,0.1603606334,0.1604652646,0.160582644,0.1604809139,0.1605933832,0.1603344293,0.1600209438,0.1598657518,0.1592397207,0.1590517953,0.1584350004,0.1568389546,0.1556733081,0.1540639324,0.1507596631,0.1454995589,0.1361565023,0.1312797497,0.1287108183,0.1255408811,0.1210983431
1.313425004e-09,1.028304086e-08,5.815431451e-08,3.105347664e-07,1.599201234e-06,7.242471839e-06,2.434419941e-05,5.911078083e-05,0.0001156817269,0.000194701482,0.0002977691522,0.0004224312211,0.0005723167208,0.0007487055217,0.0009690801555,0.001241802523,0.001603184298,0.002083976709,0.002847244928,0.004163489633,0.006774087731,0.00890389618,0.01048914533,0.01226290176,0.01424078463
1.805409183e-12,2.304596101e-11,1.560632625e-10,8.965774991e-10,4.901166837e-09,2.550953405e-08,1.257443832e-07,5.445282934e-07,2.101515651e-06,7.15853575e-06,2.146374533e-05,5.385501823e-05,0.0001158582729,0.0002204753445,0.0003814432176,0.0006271049131,0.0009993617959,0.001621366666,0.002792984421,0.005360697261,0.01037219001,0.01212972934,0.01263723753,0.01324714548,0.01389957853
5.855357845e-10,4.543985466e-09,2.565281336e-08,1.360296785e-07,6.992431993e-07,3.170639812e-06,1.066890783e-05,2.591265636e-05,5.061014415e-05,8.536900962e-05,0.000131180814,0.0001860295487,0.0002551240751,0.0003387550579,0.0004368847322,0.0005694961047,0.0007434678135,0.0009982087343,0.00140289605,0.002164812491,0.003806546298,0.005183702167,0.006270925343,0.007523011019,0.009098464758
1.556930273e-14,1.442320164e-12,5.129419654e-11,1.43271963e-09,2.829272534e-08,2.945135642e-07,1.666664147e-06,6.186470023e-06,1.78686666e-05,4.10483839e-05,8.130405769e-05,0.0001421259289,0.0002340480861,0.0003529250617,0.0005222598263,0.0007541464695,0.001078502586,0.001570210117,0.00234700161,0.003787208133,0.006178334237,0.007087551673,0.007448485015,0.007851705751,0.008459474324
3.267486823e-13,4.265210627e-12,2.880791323e-11,1.643275203e-10,8.900630225e-10,4.662930848e-09,2.297370643e-08,9.95154238e-08,3.840914162e-07,1.334579908e-06,3.972732058e-06,1.0039845e-05,2.231648102e-05,4.22826663e-05,7.532044629e-05,0.0001263609658,0.0002121598203,0.0003624140991,0.0006680912546,0.001476690624,0.003466982969,0.004416871633,0.004707417335,0.00508410863,0.005545052215
6.679191496e-14,5.017066345e-12,1.614499747e-10,4.338967879e-09,8.23543431e-08,8.080694096e-07,3.880728667e-06,1.12876915e-05,2.411025086e-05,4.093072421e-05,6.26512065e-05,8.507727593e-05,0.000113450174,0.0001425663344,0.0001763285094,0.0002238715076,0.0002867451435,0.0003788435745,0.0005461369973,0.0008985790416,0.001797763372,0.002789790508,0.003527761809,0.004315627437,0.005304293407
1.498607856e-10,1.17202224e-09,6.570181207e-09,3.515375323e-08,1.811438642e-07,8.197345183e-07,2.757012043e-06,6.703375524e-06,1.312902378e-05,2.219104972e-05,3.414069939e-05,4.867367079e-05,6.656245849e-05,8.944843753e-05,0.0001175417844,0.0001552248855,0.0002079386254,0.0002847419327,0.0004179355125,0.0007020742846,0.001388232995,0.002061776313,0.00255944871,0.003174142992,0.00401363627
2.338468317e-11,2.210597135e-10,1.359800797e-09,7.463266704e-09,3.958462776e-08,1.96117861e-07,8.315937364e-07,2.845569755e-06,7.953307975e-06,1.886702296e-05,3.876988765e-05,7.115335061e-05,0.0001178456913,0.0001819073334,0.0002663971865,0.0003751296705,0.0005197315391,0.0007216788178,0.0010255361,0.001542913336,0.002324725999,0.002618630965,0.002775423551,0.002943223235,0.003222655618
0.00439813833,0.005794858187,0.006192517346,0.006305630091,0.006340594804,0.006346097989,0.006345800422,0.006337224754,0.006323598781,0.006301618242,0.006268102974,0.006220437713,0.006156599679,0.006081869846,0.005986284432,0.005867660101,0.005723999353,0.005541954474,0.005279528462,0.00487811276,0.004270704754,0.003910358358,0.003674251362,0.003418082702,0.003128241844
3.506024748e-14,2.237895136e-12,7.409790226e-11,1.906948837e-09,3.346010013e-08,2.684185376e-07,1.234581391e-06,3.919488411e-06,9.677049674e-06,1.972881053e-05,3.479669801e-05,5.551651458e-05,8.285264064e-05,0.000118137337,0.0001645634942,0.0002263240625,0.0003129504325,0.0004440302332,0.0006625118568,0.001102054167,0.00195628251,0.002343134444,0.002532516374,0.002771302302,0.003135193778
1.184304355e-13,1.511319379e-12,1.046224581e-11,5.890665892e-11,3.179434946e-10,1.67351192e-09,8.246220715e-09,3.591184155e-08,1.388020341e-07,4.834001378e-07,1.461212218e-06,3.788983315e-06,8.366973896e-06,1.632118856e-05,2.926695544e-05,4.956677117e-05,8.417890604e-05,0.0001467145483,0.0002827276138,0.000650073832,0.001691333275,0.002218681932,0.002424654886,0.002637748272,0.002948502452
2.650621553e-10,2.054029225e-09,1.160510343e-08,6.173276617e-08,3.181500489e-07,1.443504488e-06,4.840129442e-06,1.177843006e-05,2.291328605e-05,3.889365456e-05,5.86818498e-05,8.370193139e-05,0.0001142838707,0.0001501267516,0.0001933646827,0.0002468664345,0.000318226546,0.0004170269426,0.0005647958805,0.0008312654598,0.001352505791,0.00178871345,0.002102235308,0.00245605786,0.002843545039
3.508441076e-13,4.607191881e-12,3.075118748e-11,1.776489746e-10,9.685904346e-10,5.074187338e-09,2.496214432e-08,1.084295502e-07,4.178988724e-07,1.423860337e-06,4.29924868e-06,1.070495764e-05,2.335129832e-05,4.360134527e-05,7.570704054e-05,0.0001248064489,0.0001997792867,0.000325813162,0.0005556956849,0.00106375664,0.002055079275,0.002406620465,0.002514391496,0.002636758624,0.002753153453
1.119111888e-14,8.049203223e-13,2.728802545e-11,7.285719387e-10,1.275090451e-08,1.128485364e-07,6.372920934e-07,2.776380775e-06,9.534639255e-06,2.622809482e-05,5.878560263e-05,0.0001136778031,0.0001936687986,0.0003045898327,0.0004479596447,0.0006322084421,0.0008664424375,0.001185477615,0.001636369744,0.002324022616,0.003051463759,0.003066106991,0.002962871012,0.002896133918,0.002805280696
0.001934392763,0.002357924173,0.002428842985,0.002440321734,0.002442760982,0.002443094935,0.002443016555,0.002442748847,0.002443541989,0.002443116097,0.002442410551,0.00244251691,0.002442354618,0.002442316382,0.00244096556,0.002441822624,0.002439121839,0.002438357156,0.002436381315,0.002431876707,0.002425969284,0.002423081878,0.002420923841,0.002419510251,0.002417131304
2.471875996e-11,2.353020114e-10,1.418328927e-09,7.83967807e-09,4.165259788e-08,2.061782682e-07,8.753376903e-07,2.980312583e-06,8.31801302e-06,1.980079358e-05,4.060194904e-05,7.417334065e-05,0.0001227044111,0.0001880591465,0.0002722978086,0.0003810305416,0.0005220493707,0.0007142417979,0.0009906572348,0.001438127898,0.002023571036,0.00215195511,0.002182017024,0.002221749951,0.002291647152
1.801708166e-15,1.926202608e-13,6.970234207e-12,1.87799065e-10,3.324041122e-09,3.043092516e-08,1.849776456e-07,8.965886082e-07,3.529359046e-06,1.130582893e-05,3.016961696e-05,6.705106117e-05,0.0001270343964,0.0002146717117,0.0003298322291,0.0004798951206,0.0006680345807,0.0009149139282,0.001260363932,0.001760788899,0.002296229896,0.002355090769,0.002318335398,0.002286730079,0.002251946516
0.002301919716,0.00230190963,0.002302148652,0.002301817458,0.002301666139,0.00230207608,0.002302088914,0.00230214723,0.002301938535,0.002301893894,0.002301906969,0.002302314259,0.002301929535,0.002301594248,0.002301894156,0.002302273201,0.002301796594,0.002301433154,0.002302015457,0.002301415413,0.002302101422,0.002301659063,0.002301442587,0.00230199966,0.002301744879
2.020626092e-14,1.362270683e-12,4.482549361e-11,1.17015773e-09,2.084900958e-08,1.787071779e-07,9.69810129e-07,4.002252398e-06,1.293516821e-05,3.393573937e-05,7.552726164e-05,0.0001410653739,0.0002378260054,0.0003627119097,0.00052110336,0.0007142953566,0.0009495614007,0.001248696097,0.001629091813,0.002110295436,0.002457754503,0.002402764899,0.002296989905,0.002188423113,0.002078698185
1.463733986e-13,7.691381774e-12,2.227147872e-10,5.708350227e-09,9.714779216e-08,7.164617582e-07,2.588457304e-06,5.957330175e-06,1.058998595e-05,1.582432478e-05,2.121049257e-05,2.739499699e-05,3.365912581e-05,4.06594211e-05,4.923727304e-05,6.092151031e-05,7.828172479e-05,0.000104535055,0.0001521188835,0.000264665309,0.0005878587242,0.0009932713899,0.001337780713,0.0017308881,0.002176517067
0.002011396947,0.002010475576,0.002011210609,0.002010729695,0.002011672808,0.002011146361,0.002010966975,0.002010775683,0.002011764353,0.002011127844,0.002011560049,0.002010606468,0.002010582933,0.002011022098,0.002011118202,0.002011380743,0.002011204694,0.002011315383,0.002010896238,0.002011219017,0.002011349237,0.002011305183,0.002011559329,0.002010666992,0.002011372541
9.303263163e-15,6.678640792e-13,2.302265946e-11,6.046525788e-10,1.072888148e-08,9.408456602e-08,5.375686167e-07,2.339145898e-06,7.974149457e-06,2.199800114e-05,4.91309121e-05,9.529976046e-05,0.0001614201962,0.0002494308863,0.0003638044009,0.0005053692935,0.0006805516582,0.0009116315373,0.001222455486,0.001662776325,0.002071626196,0.002037646946,0.001978600149,0.001915750941,0.001823832135
1.707502936e-14,1.121600562e-12,3.752564472e-11,9.746006091e-10,1.723435841e-08,1.496247381e-07,8.104666592e-07,3.324065378e-06,1.081997095e-05,2.841433025e-05,6.25374857e-05,0.0001180839643,0.0001976002503,0.0003011213143,0.0004323347598,0.0005928306331,0.0007886420352,0.001036286614,0.001352908694,0.00175193327,0.002055451516,0.002009973649,0.001916293718,0.001849033309,0.001746175994
3.302839222e-10,2.682679531e-09,1.525095945e-08,8.18509154e-08,4.182058518e-07,1.906462648e-06,6.447704447e-06,1.554274178e-05,2.969664888e-05,4.869515091e-05,7.172534218e-05,9.68435215e-05,0.0001252807299,0.000157351491,0.0001951623617,0.0002415576393,0.0003027225886,0.0003739316111,0.0004819367895,0.0006689974524,0.000964041839,0.001203154439,0.001370897273,0.001524831687,0.001730174085
1.170485903e-10,8.926136347e-10,5.074247661e-09,2.709815057e-08,1.395352062e-07,6.302834768e-07,2.115989024e-06,5.151714252e-06,1.004859173e-05,1.704330903e-05,2.616885088e-05,3.720133435e-05,5.06441409e-05,6.748472534e-05,8.74089897e-05,0.0001125447245,0.0001487256227,0.0001987584983,0.0002789687976,0.0004302196114,0.0007570138238,0.001037135359,0.001248095468,0.001492129411,0.00181725715
3.092211777e-15,2.859599978e-13,1.03602445e-11,2.854863171e-10,5.652940577e-09,5.889879481e-08,3.315220922e-07,1.247249918e-06,3.531723373e-06,8.173428512e-06,1.623724487e-05,2.874202069e-05,4.610741719e-05,7.101156763e-05,0.0001043446616,0.0001505360318,0.0002149539382,0.0003121499836,0.0004661368868,0.0007560463825,0.001233975264,0.001411191895,0.001482904618,0.001559689584,0.001683255837
1.604998931e-11,2.147711987e-10,1.438775231e-09,8.066867771e-09,4.287148979e-08,2.128988603e-07,9.054269313e-07,3.087700705e-06,8.635406695e-06,2.035462196e-05,4.163353302e-05,7.56398324e-05,0.0001236355618,0.0001871935747,0.0002664617626,0.0003638030057,0.0004848200341,0.000636812912,0.0008357729838,0.001116638374,0.001431629492,0.001524457176,0.001565775075,0.001615478589,0.001671285425
2.342361346e-11,2.248632187e-10,1.348644376e-09,7.492656023e-09,3.950658086e-08,1.959955132e-07,8.309715264e-07,2.841496359e-06,7.922662725e-06,1.872093346e-05,3.841940617e-05,6.981021707e-05,0.0001145215325,0.0001741814286,0.0002489700185,0.000342550085,0.0004594034354,0.0006127980613,0.0008229892801,0.00113401967,0.001502206266,0.001584814949,0.001598259325,0.001626560106,0.001667057472
1.28308603e-15,1.353768673e-13,4.903864969e-12,1.325049031e-10,2.397285065e-09,2.155276184e-08,1.312100072e-07,6.381846835e-07,2.481844682e-06,8.036562105e-06,2.150781028e-05,4.745488028e-05,8.899462171e-05,0.0001513076065,0.0002319684521,0.0003339671364,0.0004639539917,0.0006314652766,0.000861948826,0.001199658263,0.001564109535,0.001603286783,0.001590962488,0.001573711837,0.001556654099
1.709026606e-15,1.788480526e-13,6.52111794e-12,1.762129421e-10,3.143536138e-09,2.855409978e-08,1.743763175e-07,8.511032156e-07,3.345316683e-06,1.069158365e-05,2.841134661e-05,6.242220314e-05,0.0001168435796,0.00019317272,0.0002932960903,0.0004175760275,0.0005680742535,0.0007532732229,0.0009803672772,0.001269681211,0.001513867764,0.001502701534,0.001468884272,0.001428121376,0.001370216971
0.001892655091,0.001892957029,0.001891506859,0.001892336799,0.001892658651,0.001892676815,0.001892330663,0.001891348815,0.001890252695,0.001889708516,0.001887338809,0.001884176728,0.001878677402,0.001870991526,0.001862113031,0.001851052011,0.001835510589,0.001812966216,0.00177745737,0.001712761867,0.001603035963,0.001548211152,0.0015164242,0.001477981748,0.001428924455
2.085491998e-15,1.92410257e-13,6.966102063e-12,1.915020336e-10,3.782408346e-09,3.951197033e-08,2.201982344e-07,8.322671214e-07,2.372369487e-06,5.440225745e-06,1.080512026e-05,1.910049434e-05,3.104959735e-05,4.753448535e-05,7.080551289e-05,0.0001022526876,0.0001472863552,0.0002172203844,0.0003319734257,0.0005575417369,0.0009527730981,0.001105121417,0.001175772508,0.001250243518,0.001367216216
4.698639798e-14,2.71463375e-12,8.43657206e-11,2.158261192e-09,3.684010068e-08,2.965066752e-07,1.308344947e-06,3.951284627e-06,9.226820371e-06,1.781458848e-05,2.989352782e-05,4.528643684e-05,6.413863226e-05,8.697686698e-05,0.0001151668809,0.0001503381346,0.0001964929823,0.0002601531961,0.0003594888757,0.0005341166683,0.00082442385,0.0009627710921,0.001030047479,0.001101483339,0.001182950933
0.003870568617,0.00471602329,0.004857322506,0.004882357915,0.004884547035,0.004886134426,0.004882451837,0.004874222188,0.004859956863,0.004831041175,0.004780782661,0.004704259753,0.004600669896,0.004465447599,0.00429823822,0.004097818685,0.003853539853,0.003550989548,0.003160868918,0.002624210559,0.001998803871,0.001758654307,0.001626265017,0.001482822576,0.001318580389
0.001185319673,0.00118800594,0.001184049678,0.001186848342,0.001187625665,0.001186578633,0.001186974909,0.001185137628,0.001185702725,0.001185001212,0.001185475674,0.001185062333,0.001185542366,0.00118644476,0.001187463886,0.001187090211,0.00118753965,0.001186288735,0.001185328862,0.001185166296,0.001187118885,0.001187516635,0.001185801852,0.00118582546,0.001187286345
6.37387454e-14,8.344898674e-13,5.625254281e-12,3.244278831e-11,1.760938291e-10,9.264733091e-10,4.554370415e-09,1.988697261e-08,7.563246394e-08,2.619336537e-07,7.887692932e-07,2.02666512e-06,4.424702704e-06,8.448010319e-06,1.496295761e-05,2.526492839e-05,4.192794802e-05,7.245341438e-05,0.0001341376558,0.0002908295727,0.0006892998191,0.0008822902799,0.0009333670716,0.001021292426,0.001099578261
7.606679646e-15,6.480495187e-13,2.128176762e-11,5.589907845e-10,9.779296316e-09,8.002282391e-08,3.769452501e-07,1.260583493e-06,3.305054898e-06,7.344525613e-06,1.420568588e-05,2.457988025e-05,3.862304644e-05,5.664504636e-05,7.938607851e-05,0.000108032223,0.0001452784355,0.0001959590554,0.0002709474338,0.0003982290389,0.0006182062863,0.0007629886237,0.0008520214288,0.0009363387239,0.001027078261
1.345253114e-14,1.026927496e-12,3.239351655e-11,8.564781747e-10,1.676672272e-08,1.590227671e-07,7.688268793e-07,2.239032355e-06,4.704510384e-06,8.202859322e-06,1.24234675e-05,1.683635408e-05,2.219427615e-05,2.85102749e-05,3.586961749e-05,4.497069078e-05,5.752597731e-05,7.591228643e-05,0.0001068220231,0.0001802106165,0.0003542554744,0.0005536380938,0.0007050622517,0.0008714346844,0.0010534298
1.353094572e-15,1.186041969e-13,4.227567541e-12,1.139864005e-10,2.166737151e-09,2.06606506e-08,1.192997112e-07,5.094030306e-07,1.662458342e-06,4.329317049e-06,9.228125642e-06,1.679329754e-05,2.746893591e-05,4.165681883e-05,6.007785959e-05,8.397868187e-05,0.0001161939349,0.0001633095711,0.0002413074233,0.0003959788473,0.0006826347512,0.0007822833916,0.0008220071665,0.0008780867472,0.0009514347875
8.838661934e-15,6.733271235e-13,2.194048381e-11,5.68250437e-10,1.116277244e-08,1.061981953e-07,5.065770523e-07,1.477772158e-06,3.102320801e-06,5.527983849e-06,8.202854166e-06,1.161389807e-05,1.518016084e-05,1.916422088e-05,2.388681534e-05,3.043523051e-05,3.813349771e-05,5.28133479e-05,7.706193811e-05,0.0001305795371,0.0002753559204,0.0004463612717,0.0005797550414,0.00071720209,0.000885039727
1.13905693e-15,1.074123869e-13,3.886111158e-12,1.065838417e-10,2.107247738e-09,2.178857769e-08,1.211050887e-07,4.631309748e-07,1.313618205e-06,3.040362738e-06,6.032463212e-06,1.061810007e-05,1.735504286e-05,2.667524091e-05,3.954368521e-05,5.729636233e-05,8.269885767e-05,0.0001207682852,0.0001842415427,0.0003058598678,0.000524433436,0.0006294693666,0.0006847426946,0.0007520673723,0.0008421520767
3.932592326e-14,2.269333454e-12,6.997771624e-11,1.790011878e-09,3.138183475e-08,2.500717557e-07,1.101998644e-06,3.320834293e-06,7.751070146e-06,1.496759175e-05,2.501986412e-05,3.776535908e-05,5.316107652e-05,7.11902979e-05,9.252863867e-05,0.0001193491013,0.0001536366266,0.0001991365726,0.0002665933859,0.0003818014189,0.0005759250278,0.0006757292886,0.0007308137327,0.0007846558791,0.0008437412152
1.624582907e-15,1.498922058e-13,5.423098403e-12,1.497940785e-10,2.999772716e-09,3.046354757e-08,1.734417131e-07,6.555501773e-07,1.868980806e-06,4.303731562e-06,8.515367704e-06,1.512706478e-05,2.450597171e-05,3.728272283e-05,5.505683275e-05,7.897576223e-05,0.0001126089347,0.0001606563318,0.0002371452588,0.0003729649836,0.0005936628109,0.0006885998412,0.0007372257202,0.0007957556144,0.0008669169109
1.53798839e-15,1.433327652e-13,5.125969854e-12,1.438439362e-10,2.871621704e-09,2.939858484e-08,1.640233932e-07,6.183930887e-07,1.778096178e-06,4.097949737e-06,8.107508983e-06,1.443514324e-05,2.331298999e-05,3.554403788e-05,5.262062209e-05,7.541599269e-05,0.0001081057561,0.0001543526589,0.0002312631396,0.0003667574801,0.0005900283489,0.0006881387938,0.0007405045482,0.000799091832,0.0008759832514
3.611700203e-12,3.462898265e-11,2.129587097e-10,1.150969845e-09,6.1074143e-09,3.035826935e-08,1.294127102e-07,4.397900444e-07,1.235159495e-06,2.917285623e-06,6.061270208e-06,1.124910523e-05,1.878904645e-05,2.948398067e-05,4.384449542e-05,6.35572392e-05,9.128286295e-05,0.0001322896087,0.0002006753298,0.0003315969733,0.0005646368523,0.0006622438306,0.0007140343507,0.0007792428116,0.0008697018878
7.974721876e-12,1.072359458e-10,7.184214231e-10,4.033486824e-09,2.144003196e-08,1.064589634e-07,4.532524166e-07,1.543131366e-06,4.31130648e-06,1.019347378e-05,2.086177178e-05,3.774100025e-05,6.189380218e-05,9.349422299e-05,0.000133020705,0.000182126613,0.000242315576,0.0003179044773,0.0004187727904,0.0005580155256,0.0007155597527,0.0007610371127,0.0007837785734,0.0008075089168,0.0008353553944
3.000315904e-11,2.300307342e-10,1.325506324e-09,7.039131505e-09,3.613568769e-08,1.631532822e-07,5.481570763e-07,1.332905522e-06,2.607970155e-06,4.416914805e-06,6.795920618e-06,9.676988387e-06,1.329065928e-05,1.777532173e-05,2.331861671e-05,3.071789334e-05,4.110822945e-05,5.664354582e-05,8.293451714e-05,0.0001394158676,0.0002772732278,0.0004043058938,0.0005102607028,0.0006397452243,0.0008011940635
9.693193822e-14,1.781472487e-12,1.348321555e-11,7.933292251e-11,4.35068375e-10,2.300793308e-09,1.163564245e-08,5.307836845e-08,2.128059812e-07,7.668327467e-07,2.427289656e-06,6.598167597e-06,1.524360415e-05,3.036798107e-05,5.452104035e-05,9.132645825e-05,0.0001437359112,0.0002254769268,0.0003573422746,0.0005879182287,0.0008835169996,0.0009394355654,0.0009163059973,0.0008936621042,0.0008400283683
1.282099525e-11,1.012362881e-10,5.74617335e-10,3.051072521e-09,1.565373931e-08,7.057231536e-08,2.377056135e-07,5.78181012e-07,1.132180788e-06,1.917840297e-06,2.938210537e-06,4.222855406e-06,5.85699043e-06,7.84624573e-06,1.053203954e-05,1.409560759e-05,1.940830466e-05,2.80287667e-05,4.40941836e-05,8.444110215e-05,0.0002123248907,0.0003656732384,0.0004845110084,0.0006436048464,0.0008770192748
1.70370521e-23,1.137942432e-20,2.361109905e-18,3.450255462e-16,3.605475641e-14,1.815395316e-12,4.514992218e-11,6.738163692e-10,6.401115721e-09,4.246588439e-08,2.015298903e-07,7.140527501e-07,2.057911209e-06,4.926214577e-06,1.047919856e-05,2.089864459e-05,3.868256461e-05,7.179505174e-05,0.0001364626864,0.0002766567635,0.0005386303457,0.0006343937884,0.0006943460081,0.00075085551,0.0008345793095
1.194660091e-15,1.128717057e-13,4.02408655e-12,1.11995692e-10,2.165325403e-09,2.287590327e-08,1.291107584e-07,4.816671864e-07,1.370931366e-06,3.202729875e-06,6.336181303e-06,1.11865063e-05,1.826274223e-05,2.788714849e-05,4.141852754e-05,6.001549722e-05,8.587137145e-05,0.0001255150222,0.0001896884862,0.0003128828584,0.0005288085481,0.0006302716672,0.0006854928245,0.0007506975101,0.0008369992674
5.338023524e-15,4.536047029e-13,1.534929851e-11,3.946211826e-10,6.891392649e-09,5.650708594e-08,2.676065303e-07,8.951050015e-07,2.355390149e-06,5.22291226e-06,1.010191884e-05,1.735342407e-05,2.714981312e-05,3.974721025e-05,5.541276204e-05,7.506818153e-05,0.0001003854934,0.000134793616,0.0001853237439,0.0002733351939,0.0004420685555,0.0005688751592,0.0006520305856,0.0007293397873,0.0008199541628
4.908806432e-14,8.79689425e-13,6.700739984e-12,3.950397633e-11,2.183235485e-10,1.160117971e-09,5.790264305e-09,2.638116551e-08,1.053023376e-07,3.833055078e-07,1.217104827e-06,3.341538775e-06,7.796997161e-06,1.568916771e-05,2.868159871e-05,4.805706534e-05,7.899364546e-05,0.0001257767722,0.0002085080085,0.0003670947865,0.0006155173049,0.0006987379088,0.0007255265853,0.0007514962117,0.0007838523849
8.77145268e-14,4.605426754e-12,1.389608483e-10,3.516259789e-09,6.033714662e-08,4.740034225e-07,2.004791636e-06,5.74980999e-06,1.280639982e-05,2.3876862e-05,3.892222431e-05,5.783200549e-05,7.957302623e-05,0.0001058176365,0.0001372737635,0.0001736860618,0.0002200170737,0.0002801418847,0.0003622808297,0.0004856306226,0.0006405693426,0.0006886120844,0.0007078420946,0.0007271796786,0.0007439955697
6.092711211e-11,4.879749107e-10,2.797311407e-09,1.486710384e-08,7.629891974e-08,3.479045652e-07,1.171927776e-06,2.833055379e-06,5.423738502e-06,8.92189192e-06,1.304711469e-05,1.799124195e-05,2.345491865e-05,3.015150426e-05,3.742432155e-05,4.766170096e-05,6.016977239e-05,7.841243278e-05,0.000109016149,0.0001654138444,0.0002905453578,0.0004067769683,0.0005063442651,0.0005989273005,0.0007109095404
5.854988898e-11,4.723533823e-10,2.667223355e-09,1.43416807e-08,7.346549636e-08,3.33927114e-07,1.12702376e-06,2.72920105e-06,5.214109895e-06,8.567102881e-06,1.252018041e-05,1.714398794e-05,2.229651876e-05,2.846470258e-05,3.555122247e-05,4.517098559e-05,5.695375806e-05,7.377932453e-05,0.0001026116995,0.000157753625,0.0002796632937,0.0003917231613,0.0004777289351,0.0005715431209,0.000688657081
2.765423165e-24,2.935014461e-21,6.781895727e-19,1.000072576e-16,1.057450883e-14,5.368988637e-13,1.433879517e-11,2.353002015e-10,2.52982439e-09,1.908357865e-08,1.037726857e-07,4.248274841e-07,1.347518812e-06,3.496213718e-06,7.939731256e-06,1.628951278e-05,3.108794834e-05,5.866784614e-05,0.0001104251669,0.0002190903282,0.0004146206403,0.0004823677169,0.0005364551784,0.0005741890182,0.0006376171016
8.740213372e-24,6.544540714e-21,1.375414942e-18,2.058348328e-16,2.334416082e-14,1.175750708e-12,2.289756506e-11,2.085625732e-10,1.135844738e-09,4.408422646e-09,1.332165565e-08,3.421214625e-08,7.637361615e-08,1.619434679e-07,3.287077502e-07,6.727244332e-07,1.373962731e-06,2.956233288e-06,7.583731956e-06,2.510342353e-05,0.0001096786493,0.0002222708083,0.0003186392124,0.000444638521,0.0006266430332
7.170344499e-14,3.783161996e-12,1.161000693e-10,2.925725503e-09,5.028878e-08,3.955215098e-07,1.670381337e-06,4.782939833e-06,1.066879313e-05,1.989593734e-05,3.244897321e-05,4.793558337e-05,6.655156937e-05,8.852450101e-05,0.0001130498313,0.0001447501134,0.0001827565707,0.0002328776744,0.0003009251148,0.000405505786,0.0005329412904,0.0005714945158,0.0005878602056,0.0006033592086,0.0006180101373
6.117879781e-11,6.805412737e-10,4.225355126e-09,2.307754217e-08,1.191523341e-07,5.395128505e-07,1.814164014e-06,4.411723521e-06,8.602746643e-06,1.461074359e-05,2.196209794e-05,3.123366304e-05,4.219180256e-05,5.533920934e-05,7.008898714e-05,8.871519858e-05,0.0001122434435,0.0001421831427,0.0001850473852,0.0002546465209,0.0003676147772,0.0004429425147,0.0004970401308,0.0005515830996,0.0006213119022
7.121508867e-15,6.102606432e-13,2.03235198e-11,5.266725163e-10,9.096716543e-09,7.530860042e-08,3.545443749e-07,1.187091367e-06,3.125444448e-06,6.878435365e-06,1.331777021e-05,2.280933098e-05,3.541405779e-05,5.135850718e-05,7.077944334e-05,9.420353517e-05,0.0001235317134,0.00016044813,0.0002111341747,0.0002882613631,0.0004118261693,0.0004953541759,0.00054727106,0.0006046979295,0.0006466293536
0.001933701687,0.002358264668,0.002429253911,0.002440910314,0.002442169183,0.002442418286,0.002442002215,0.002437698146,0.002430914861,0.002415444082,0.002390550126,0.002352055744,0.002299736988,0.002232549696,0.002148251035,0.002049033018,0.001927208322,0.001775610967,0.001580939781,0.00131217513,0.000999587845,0.0008795240281,0.0008129641464,0.0007413685954,0.0006592863694
5.333798992e-19,4.461337318e-17,1.600904154e-15,4.708776641e-14,1.27892308e-12,3.06956044e-11,4.9795594e-10,4.778708236e-09,3.298671151e-08,1.702756379e-07,7.221449562e-07,2.364846342e-06,6.233053116e-06,1.423551633e-05,2.839945489e-05,5.132129089e-05,8.988630814e-05,0.000155486176,0.0002718776146,0.0005003868895,0.0007648757343,0.000753265292,0.0007159392109,0.0006756138907,0.0006268285178
6.417518105e-15,4.171155385e-13,1.353966768e-11,3.552618855e-10,6.157478973e-09,4.94880507e-08,2.272650355e-07,7.248151052e-07,1.779485549e-06,3.630482212e-06,6.419576916e-06,1.028099628e-05,1.537081004e-05,2.195905752e-05,3.054898151e-05,4.219559887e-05,5.839079904e-05,8.292780801e-05,0.0001240386396,0.0002054978194,0.0003638552645,0.0004445391348,0.0004901728254,0.0005472683399,0.0006250809937
2.044291168e-11,2.39480976e-10,1.555036674e-09,8.747933036e-09,4.564615284e-08,2.069692066e-07,6.96062655e-07,1.691426825e-06,3.303183522e-06,5.588297131e-06,8.552224918e-06,1.219102028e-05,1.660713064e-05,2.206367482e-05,2.893234549e-05,3.785557325e-05,4.975613222e-05,6.753447503e-05,9.649195328e-05,0.0001530734004,0.0002702731463,0.0003655050758,0.0004360647603,0.000515966202,0.0006001056096
4.637431863e-12,4.428129994e-11,2.66678987e-10,1.484738167e-09,7.842961393e-09,3.907480308e-08,1.651252326e-07,5.646770298e-07,1.578287021e-06,3.766507841e-06,7.706940994e-06,1.415645249e-05,2.353798434e-05,3.604566085e-05,5.300951164e-05,7.465394631e-05,0.0001035418596,0.0001433044557,0.0002034512138,0.0003061325934,0.0004597683761,0.0005216606476,0.0005487520267,0.000590659864,0.0006405670944
6.087172793e-20,5.414453206e-18,2.040054341e-16,6.255324238e-15,1.746049673e-13,4.30056002e-12,7.731547735e-11,9.00991845e-10,7.035341285e-09,3.918468309e-08,1.667519801e-07,5.528632347e-07,1.511879392e-06,3.506685241e-06,7.339419972e-06,1.422731194e-05,2.653550342e-05,4.859443409e-05,9.070817774e-05,0.0001862350287,0.0003675700037,0.0004459785043,0.0004883080247,0.0005330075154,0.0006015221961
8.117987137e-23,6.34772843e-20,1.309780373e-17,1.965562957e-15,2.16967858e-13,1.112525183e-11,2.193700119e-10,1.888250949e-09,1.075203736e-08,4.022576245e-08,1.221600629e-07,3.09174586e-07,6.911026841e-07,1.386797075e-06,2.665947268e-06,4.963155958e-06,9.02455996e-06,1.768818011e-05,3.528377783e-05,8.134150088e-05,0.0002024672528,0.000314123071,0.0004000994725,0.0004883353411,0.0005985636223
6.930980556e-15,4.505985177e-13,1.442352084e-11,3.801252265e-10,6.648917333e-09,5.348313961e-08,2.446869014e-07,7.827684346e-07,1.928718519e-06,3.907792243e-06,6.918728553e-06,1.10687293e-05,1.648174701e-05,2.350542813e-05,3.265918228e-05,4.500645428e-05,6.217255245e-05,8.805492098e-05,0.0001317943627,0.0002198312017,0.0003885092254,0.0004634239776,0.0005026855876,0.0005549915425,0.0006229328883
2.078548513e-24,2.22377396e-21,5.025235582e-19,7.62511296e-17,7.994319986e-15,4.085362538e-13,1.079188631e-11,1.758747251e-10,1.887850787e-09,1.436541376e-08,7.846218502e-08,3.212992941e-07,1.025173866e-06,2.715700696e-06,6.170477766e-06,1.271046102e-05,2.518102524e-05,4.772789906e-05,9.264623262e-05,0.0001948792668,0.0003836421949,0.0004668668679,0.0005081294141,0.0005583659936,0.0006203150105
2.181203734e-15,1.587490981e-13,5.379691558e-12,1.427607684e-10,2.549935453e-09,2.234052029e-08,1.270610475e-07,5.529056883e-07,1.886504596e-06,5.225699785e-06,1.17053988e-05,2.271256174e-05,3.87936738e-05,6.069197572e-05,8.91312803e-05,0.0001250938169,0.0001725830159,0.0002355020117,0.0003245823795,0.0004622510649,0.0006071806937,0.0006072878714,0.0005917211608,0.0005747405831,0.0005581238759
2.386336864e-14,3.004368842e-13,2.060324929e-12,1.166759701e-11,6.356356609e-11,3.323834921e-10,1.64131641e-09,7.153068312e-09,2.781009887e-08,9.533148663e-08,2.915352551e-07,7.53244568e-07,1.660812759e-06,3.254639344e-06,5.780399575e-06,9.913208409e-06,1.66789149e-05,2.926235225e-05,5.554271968e-05,0.0001290796519,0.0003343048552,0.0004430621425,0.0004839611259,0.0005317112931,0.0005923180885
2.826438166e-11,2.187819185e-10,1.246314615e-09,6.573714092e-09,3.382060022e-08,1.533892288e-07,5.147088462e-07,1.249011507e-06,2.444481547e-06,4.132501207e-06,6.34239838e-06,9.069742392e-06,1.234884219e-05,1.634612511e-05,2.144481561e-05,2.790057637e-05,3.69222187e-05,4.972608407e-05,7.061613058e-05,0.0001124745628,0.0002048248073,0.0002850995334,0.0003461616882,0.0004212047905,0.0005101257309
3.913705646e-18,2.381169867e-16,7.570823362e-15,2.160131178e-13,5.650064311e-12,1.159105494e-10,1.319812224e-09,7.780271817e-09,3.000975227e-08,8.370052541e-08,1.981419574e-07,3.926433077e-07,7.159359535e-07,1.245822888e-06,2.066885785e-06,3.378003964e-06,5.578237934e-06,9.542681564e-06,1.803864835e-05,3.962434012e-05,0.0001100705687,0.0001981727205,0.0002856133101,0.0003998180079,0.000555294974
4.565194443e-15,2.949082034e-13,9.676593611e-12,2.531621566e-10,4.415527387e-09,3.568388492e-08,1.638825419e-07,5.209061989e-07,1.283075048e-06,2.613479043e-06,4.621150613e-06,7.398232907e-06,1.105394593e-05,1.581434648e-05,2.212218217e-05,3.065406983e-05,4.283550007e-05,6.144142605e-05,9.366430175e-05,0.0001613802436,0.0002992547169,0.0003701065618,0.000403762668,0.0004464169757,0.0005113124369
2.872618764e-12,2.745571016e-11,1.680963805e-10,9.21806847e-10,4.860243747e-09,2.410283759e-08,1.023752008e-07,3.501293655e-07,9.814452047e-07,2.32867078e-06,4.803659707e-06,8.847078052e-06,1.476697735e-05,2.281318004e-05,3.36930855e-05,4.804577572e-05,6.753320387e-05,9.516078496e-05,0.0001381546679,0.0002150711806,0.0003395244594,0.0003883130762,0.0004146964575,0.0004472240342,0.0004907715917
3.559860495e-16,3.784247311e-14,1.381878989e-12,3.744138006e-11,6.70987843e-10,6.074104399e-09,3.679899378e-08,1.799337568e-07,7.016593052e-07,2.260890967e-06,6.008569238e-06,1.333206206e-05,2.5241524e-05,4.277126815e-05,6.561288391e-05,9.441505312e-05,0.0001325717776,0.0001820881887,0.000250417454,0.0003500274726,0.0004583138217,0.0004665379204,0.0004607487472,0.0004531503605,0.0004491265816
6.226330529e-23,3.501491808e-20,6.680553065e-18,9.866432331e-16,9.936735313e-14,4.38744564e-12,8.118808353e-11,7.878688255e-10,4.982393054e-09,2.25163141e-08,7.68851328e-08,2.169910848e-07,5.14847631e-07,1.103546654e-06,2.172228783e-06,4.062204619e-06,7.503335055e-06,1.419476825e-05,2.825109069e-05,6.366288512e-05,0.0001584845693,0.0002410050454,0.000307182372,0.0003834245859,0.0004748428207
4.868542564e-12,4.665150885e-11,2.819993899e-10,1.563217983e-09,8.272050529e-09,4.098278073e-08,1.743362538e-07,5.936562175e-07,1.660419734e-06,3.939579041e-06,8.079864553e-06,1.47642014e-05,2.427657189e-05,3.734548809e-05,5.430918389e-05,7.583821524e-05,0.0001036139621,0.0001416209288,0.0001975503233,0.0002858934937,0.000402367338,0.0004278046651,0.0004338407499,0.000441929103,0.0004554089094
5.228954311e-15,4.013368664e-13,1.280775215e-11,3.378859692e-10,6.459590207e-09,6.234530392e-08,3.001522338e-07,8.73490726e-07,1.86259711e-06,3.229626479e-06,4.901083886e-06,6.677834925e-06,8.695492792e-06,1.12194456e-05,1.41060661e-05,1.805105154e-05,2.309983905e-05,3.085578554e-05,4.40029866e-05,7.463397966e-05,0.000149467434,0.0002348824151,0.0003003492309,0.0003789871862,0.0004727589905
1.398456148e-15,1.228895422e-13,4.260263974e-12,1.168052213e-10,2.207119243e-09,2.151486108e-08,1.217663827e-07,5.172612995e-07,1.693607559e-06,4.35038437e-06,9.235845072e-06,1.68054275e-05,2.713935575e-05,4.044754129e-05,5.711091224e-05,7.815922096e-05,0.0001050350362,0.0001414899,0.0001954726731,0.0002858467986,0.000414113775,0.0004494239232,0.0004661674652,0.0004781965968,0.0004999582135
6.760161956e-15,5.105825773e-13,1.619691417e-11,4.294011702e-10,8.311600341e-09,8.066074397e-08,3.842176081e-07,1.116499878e-06,2.372303772e-06,4.117827854e-06,6.304472961e-06,8.712543708e-06,1.129358831e-05,1.451992347e-05,1.795239402e-05,2.29929558e-05,2.929911587e-05,3.901349896e-05,5.457680257e-05,8.800030635e-05,0.0001642401403,0.0002416809025,0.0003027950868,0.000369288866,0.0004524166623
5.888277889e-15,4.121485962e-13,1.302272703e-11,3.441571506e-10,6.364514704e-09,5.599309558e-08,2.561874236e-07,7.738493798e-07,1.746531226e-06,3.194186305e-06,5.020939762e-06,7.32931608e-06,9.761950856e-06,1.265295814e-05,1.64159711e-05,2.114279079e-05,2.748785617e-05,3.716712628e-05,5.394151562e-05,9.239299091e-05,0.0001961721306,0.0002779277861,0.0003305984843,0.0003945705309,0.0004765888015
1.473407817e-15,1.057609188e-13,3.527622875e-12,9.590965424e-11,1.703038796e-09,1.487521337e-08,8.431576946e-08,3.719881904e-07,1.25122437e-06,3.448852941e-06,7.815994956e-06,1.509958722e-05,2.590232097e-05,4.083182646e-05,6.034313604e-05,8.539323698e-05,0.0001184801937,0.0001643779821,0.0002310621847,0.0003370009596,0.0004599418086,0.0004637348871,0.0004544186721,0.000445158025,0.0004393060215
4.863614721e-14,8.834472708e-13,6.77723891e-12,3.976159786e-11,2.17546986e-10,1.156878877e-09,5.830716129e-09,2.628636267e-08,1.065238683e-07,3.83163872e-07,1.206494642e-06,3.290463799e-06,7.643998304e-06,1.52916406e-05,2.741832426e-05,4.545815129e-05,7.21682463e-05,0.0001124387149,0.0001774581214,0.0002936469949,0.000443635103,0.0004664627708,0.0004567354242,0.0004438572582,0.0004238671375
7.02928069e-22,9.423543117e-20,4.027412643e-18,1.285556091e-16,3.628208527e-15,9.908064439e-14,2.166589931e-12,3.490857346e-11,4.100436594e-10,3.554291447e-09,2.359962034e-08,1.153607021e-07,4.169964079e-07,1.23379339e-06,3.062859681e-06,6.832772146e-06,1.444453056e-05,3.014207757e-05,6.432959604e-05,0.0001489458191,0.0003211329435,0.0003807484052,0.0004004188515,0.0004195698611,0.000439013501
7.072187203e-15,5.392934887e-13,1.697653605e-11,4.489777498e-10,8.81255082e-09,8.420279905e-08,4.080384424e-07,1.184970022e-06,2.478933254e-06,4.360452032e-06,6.460951983e-06,8.940835474e-06,1.169125742e-05,1.478197647e-05,1.886487594e-05,2.396054309e-05,3.024247709e-05,3.978345469e-05,5.686692346e-05,8.844672764e-05,0.0001662615825,0.0002452458266,0.000306477227,0.0003698962045,0.000456116131
9.333732677e-19,6.913067915e-17,2.345880867e-15,6.841426675e-14,1.853887764e-12,4.234475856e-11,6.478093869e-10,5.671323785e-09,3.155788156e-08,1.305786116e-07,4.145299165e-07,1.075111007e-06,2.411998116e-06,4.688714471e-06,8.654650165e-06,1.453908969e-05,2.445084731e-05,4.126852366e-05,7.110641545e-05,0.0001352023371,0.0002534318835,0.0003058566874,0.0003386034853,0.0003852597092,0.0004595018543
2.923380759e-14,1.554390279e-12,4.502134788e-11,1.136424862e-09,1.912807474e-08,1.420943851e-07,5.145754544e-07,1.19072218e-06,2.099068399e-06,3.157171745e-06,4.267865224e-06,5.434566371e-06,6.72278669e-06,8.110941035e-06,9.815758978e-06,1.21475559e-05,1.542292567e-05,2.083577554e-05,3.056786001e-05,5.174878677e-05,0.0001162128672,0.0001963210535,0.0002676739167,0.0003393890974,0.0004268841725
4.074855345e-15,2.672603572e-13,8.797698042e-12,2.351814794e-10,4.13869589e-09,3.551848853e-08,1.937345662e-07,8.027956293e-07,2.579617892e-06,6.814698372e-06,1.4965474e-05,2.828753576e-05,4.691586982e-05,7.208524812e-05,0.0001034454085,0.0001416215889,0.0001891731753,0.0002478253944,0.0003238100864,0.0004209587322,0.0004880630492,0.0004769296137,0.0004562689047,0.0004340225036,0.0004131742364
4.987317403e-15,3.753741389e-13,1.201918815e-11,3.176609141e-10,6.197154385e-09,5.891112278e-08,2.833787621e-07,8.373996259e-07,1.756764881e-06,3.01903215e-06,4.608848131e-06,6.51664184e-06,8.422947003e-06,1.065715499e-05,1.348381626e-05,1.733391456e-05,2.189468735e-05,2.970349285e-05,4.329115017e-05,7.249003688e-05,0.000149077703,0.0002317493821,0.0002957141576,0.0003723811786,0.0004742934086
6.341588109e-16,5.866169788e-14,2.125556741e-12,6.006792903e-11,1.173843889e-09,1.200836586e-08,6.715295063e-08,2.557280953e-07,7.282451695e-07,1.679138608e-06,3.336011391e-06,5.812847896e-06,9.310102547e-06,1.428939387e-05,2.121526398e-05,3.055740235e-05,4.353072154e-05,6.285014969e-05,9.462502582e-05,0.0001557115939,0.0002684507643,0.0003187180099,0.0003392364568,0.0003655086756,0.0004033917911
2.715712924e-14,1.402658707e-12,4.17193579e-11,1.063722431e-09,1.780082546e-08,1.307492865e-07,4.763048962e-07,1.100070959e-06,1.936402038e-06,2.899457243e-06,3.942482474e-06,5.062038412e-06,6.218911818e-06,7.504498637e-06,9.312192145e-06,1.148148105e-05,1.469803396e-05,1.977350095e-05,2.883368495e-05,4.900980048e-05,0.0001077670556,0.0001814319967,0.0002372813883,0.0003215470573,0.0004007729817
1.874447549e-15,1.332270874e-13,4.611440591e-12,1.222617233e-10,2.149634165e-09,1.891800727e-08,1.070919276e-07,4.648851527e-07,1.597531303e-06,4.320083807e-06,9.795835285e-06,1.887124299e-05,3.215750973e-05,4.983375265e-05,7.230936015e-05,0.000100519346,0.0001358490497,0.0001808872062,0.0002431945176,0.0003306241893,0.000412611596,0.0004070857392,0.000393770038,0.0003817930427,0.0003656761832
1.935171716e-14,1.027709913e-12,3.009709873e-11,7.581350047e-10,1.285991613e-08,9.404814164e-08,3.434788031e-07,7.904736285e-07,1.396389877e-06,2.101132825e-06,2.827368707e-06,3.615757549e-06,4.442413091e-06,5.410174621e-06,6.643955928e-06,8.275633286e-06,1.062906391e-05,1.443776377e-05,2.134604507e-05,3.868950233e-05,9.205057179e-05,0.0001634078422,0.0002202698279,0.0002850196908,0.0003704514975
3.357858661e-15,2.233294487e-13,7.356591729e-12,1.963799223e-10,3.443610228e-09,2.991631174e-08,1.618119351e-07,6.643082776e-07,2.161005455e-06,5.686321359e-06,1.244026476e-05,2.346123335e-05,3.920523117e-05,5.988271951e-05,8.597850693e-05,0.0001180438096,0.0001571348054,0.0002060195913,0.0002686564688,0.0003481535349,0.0004089407493,0.000401933643,0.0003783575623,0.000362362174,0.0003430391802
1.015356855e-23,8.825917778e-21,1.932587521e-18,2.872722853e-16,2.871563373e-14,1.301850668e-12,2.550506257e-11,2.720416133e-10,1.926573818e-09,9.872473306e-09,3.951931339e-08,1.250487142e-07,3.315930696e-07,7.728800399e-07,1.623834717e-06,3.184838506e-06,6.111520889e-06,1.166586752e-05,2.269662103e-05,5.049672193e-05,0.0001208339728,0.0001834195058,0.0002321398535,0.0002859236215,0.0003471387208
6.963367902e-15,8.900577119e-14,6.080610603e-13,3.449483301e-12,1.87755369e-11,9.8179443e-11,4.825207698e-10,2.109909029e-09,8.247682869e-09,2.837021397e-08,8.845414986e-08,2.275063173e-07,5.061587832e-07,1.002838415e-06,1.830507827e-06,3.205997566e-06,5.580780128e-06,1.007555691e-05,2.032123446e-05,5.386213583e-05,0.0001671405837,0.0002324588314,0.0002596979934,0.0002976716163,0.0003420131174
