0.000000000000000000e+00,0.000000000000000000e+00,0.000000000000000000e+00,0.000000000000000000e+00,0.000000000000000000e+00,0.000000000000000000e+00,0.000000000000000000e+00,0.000000000000000000e+00,0.000000000000000000e+00,0.000000000000000000e+00,0.000000000000000000e+00,0.000000000000000000e+00,0.000000000000000000e+00,0.000000000000000000e+00,3.654450238501298677e-12,2.208028114019226510e-18,0.000000000000000000e+00,7.610396492808467080e-12,0.000000000000000000e+00,2.120399936086519191e-16,3.350958843141459272e-17,0.000000000000000000e+00,0.000000000000000000e+00,0.000000000000000000e+00,0.000000000000000000e+00,3.556754675633373297e-17,1.901068429737581310e-16,4.106407873926802376e-13,5.882784570686073590e-14,0.000000000000000000e+00,0.000000000000000000e+00,8.197524233560835738e-18,0.000000000000000000e+00,0.000000000000000000e+00,0.000000000000000000e+00,0.000000000000000000e+00,8.566980133639113423e-17,0.000000000000000000e+00,1.422776114392228915e-13,2.478032753540343517e-17,2.792232801532390341e-17,9.500945469134950042e-15,0.000000000000000000e+00,0.000000000000000000e+00,9.205213333976746582e-13,0.000000000000000000e+00,8.437619496515523453e-17,8.054652286550352699e-16,0.000000000000000000e+00,0.000000000000000000e+00,4.520915318814896126e-13,6.671159469254149737e-14,0.000000000000000000e+00,0.000000000000000000e+00,0.000000000000000000e+00,0.000000000000000000e+00,9.129114872124150437e-16,0.000000000000000000e+00,0.000000000000000000e+00,1.726047038787978827e-10,2.163372064638717789e-15,2.962100650066781053e-15,9.999999996561411697e-01,7.802758594206554344e-18,0.000000000000000000e+00,0.000000000000000000e+00,1.558542924975398017e-14,0.000000000000000000e+00,0.000000000000000000e+00,7.810502179835606564e-14,0.000000000000000000e+00,0.000000000000000000e+00,3.368877232562124702e-18,0.000000000000000000e+00,1.261250806116001707e-15,0.000000000000000000e+00,0.000000000000000000e+00,0.000000000000000000e+00,2.583154486725106613e-11,4.135506129392652372e-12,5.538370901933303564e-11,1.021356535055918158e-11,0.000000000000000000e+00,0.000000000000000000e+00,8.536909495905758657e-17,0.000000000000000000e+00,2.435247192532863045e-12,5.886823702690265164e-16,0.000000000000000000e+00,1.355528176358694066e-18,1.790692792280617356e-12,7.779566479778813025e-15,7.473260533880186087e-15,0.000000000000000000e+00,5.618896321876682610e-11,1.681261906493292617e-12,1.057326577375247302e-13,2.661094661530068584e-14,3.893809627711410509e-15,0.000000000000000000e+00,0.000000000000000000e+00,0.000000000000000000e+00,1.010733507311046511e-14,0.000000000000000000e+00,0.000000000000000000e+00,2.488373431747573047e-15,8.613901169572818994e-16,0.000000000000000000e+00,1.342487105556237055e-17,2.914092875441065973e-17
0.000000000000000000e+00,0.000000000000000000e+00,0.000000000000000000e+00,0.000000000000000000e+00,0.000000000000000000e+00,0.000000000000000000e+00,0.000000000000000000e+00,0.000000000000000000e+00,0.000000000000000000e+00,0.000000000000000000e+00,0.000000000000000000e+00,0.000000000000000000e+00,0.000000000000000000e+00,0.000000000000000000e+00,2.371361382469802673e-11,4.118555939910458350e-17,0.000000000000000000e+00,4.935470016590524551e-11,9.761812653151389382e-19,9.282505396765385784e-16,2.905074924151082316e-16,0.000000000000000000e+00,0.000000000000000000e+00,0.000000000000000000e+00,0.000000000000000000e+00,1.870037429852911541e-16,2.008516079118121411e-15,2.238817754546356969e-12,6.495244206421244263e-13,0.000000000000000000e+00,2.598593090106957945e-18,1.846839115466884281e-16,0.000000000000000000e+00,0.000000000000000000e+00,0.000000000000000000e+00,0.000000000000000000e+00,6.059536072134242439e-16,0.000000000000000000e+00,1.340664482552110952e-12,1.183769586526340471e-16,2.755929664981334030e-16,3.530247092460959999e-14,0.000000000000000000e+00,0.000000000000000000e+00,5.724282742633744491e-12,0.000000000000000000e+00,2.830675557743953449e-16,3.769124261351702926e-15,0.000000000000000000e+00,0.000000000000000000e+00,2.194577162366578456e-12,6.691130579585485332e-13,0.000000000000000000e+00,0.000000000000000000e+00,0.000000000000000000e+00,0.000000000000000000e+00,9.088594127868341325e-15,0.000000000000000000e+00,0.000000000000000000e+00,6.151896730327836840e-10,4.786928928066931121e-15,5.943020146865891176e-15,9.999999988730290390e-01,5.136723495550261998e-17,0.000000000000000000e+00,0.000000000000000000e+00,9.690125193306358492e-14,0.000000000000000000e+00,0.000000000000000000e+00,5.524543445565385758e-13,0.000000000000000000e+00,0.000000000000000000e+00,1.241465631114724273e-17,0.000000000000000000e+00,8.080840287107320154e-15,0.000000000000000000e+00,0.000000000000000000e+00,0.000000000000000000e+00,5.738642510186126247e-11,1.359349431304299614e-11,1.112916969442564293e-10,3.243632508631144180e-11,0.000000000000000000e+00,0.000000000000000000e+00,8.003684021767111131e-16,0.000000000000000000e+00,9.121267038681493284e-12,1.309554338085916732e-15,2.132367845653713731e-18,2.735611815804885018e-18,3.986023838563124802e-12,1.723195244644815362e-14,1.522940465567980490e-14,0.000000000000000000e+00,1.905701881504421034e-10,6.195374694093956248e-12,3.755099736772973747e-13,8.879144035792590696e-14,1.400631903199091784e-14,0.000000000000000000e+00,0.000000000000000000e+00,0.000000000000000000e+00,6.941692333460874561e-14,0.000000000000000000e+00,0.000000000000000000e+00,9.675252346640606605e-15,1.767999097940461176e-15,1.002869209567739403e-18,4.947318560243403507e-17,1.074479498690322278e-16
0.000000000000000000e+00,0.000000000000000000e+00,0.000000000000000000e+00,0.000000000000000000e+00,0.000000000000000000e+00,0.000000000000000000e+00,0.000000000000000000e+00,0.000000000000000000e+00,0.000000000000000000e+00,0.000000000000000000e+00,0.000000000000000000e+00,0.000000000000000000e+00,0.000000000000000000e+00,0.000000000000000000e+00,7.495013857565702409e-11,2.225758525333832792e-16,0.000000000000000000e+00,1.559167825002939110e-10,3.500147151064763832e-18,2.338098546492137635e-15,1.028059387590737835e-15,0.000000000000000000e+00,0.000000000000000000e+00,0.000000000000000000e+00,0.000000000000000000e+00,5.068185800555875561e-16,8.035508213187650264e-15,6.135554461084621063e-12,2.624339992848296695e-12,0.000000000000000000e+00,1.050040804338158503e-17,1.120387916015777365e-15,0.000000000000000000e+00,0.000000000000000000e+00,0.000000000000000000e+00,0.000000000000000000e+00,2.033348242240824205e-15,0.000000000000000000e+00,4.983343092485246112e-12,2.999405204430553001e-16,1.036059672460700702e-15,8.403809497154662955e-14,0.000000000000000000e+00,0.000000000000000000e+00,1.744169708642840955e-11,0.000000000000000000e+00,6.341249202704621833e-16,9.364431320288329800e-15,0.000000000000000000e+00,0.000000000000000000e+00,5.585651000284707959e-12,2.515790926402555668e-12,0.000000000000000000e+00,0.000000000000000000e+00,0.000000000000000000e+00,0.000000000000000000e+00,3.425932306543541825e-14,0.000000000000000000e+00,0.000000000000000000e+00,1.445095060076046457e-09,9.063768823430231853e-15,1.059414363535506467e-14,9.999999974011871684e-01,1.630075460899361615e-16,0.000000000000000000e+00,0.000000000000000000e+00,2.952069008991812110e-13,0.000000000000000000e+00,0.000000000000000000e+00,1.853854334770251777e-12,0.000000000000000000e+00,0.000000000000000000e+00,2.961539975693202131e-17,0.000000000000000000e+00,2.520398050009693098e-14,0.000000000000000000e+00,1.531665716533807794e-18,2.220968030451981707e-18,1.088240924512114909e-10,3.000160251095136477e-11,1.984983495422164615e-10,6.963494184736346924e-11,0.000000000000000000e+00,0.000000000000000000e+00,2.873462296318696114e-15,0.000000000000000000e+00,2.219646589702278986e-11,2.484630311398826941e-15,4.039104663979614709e-18,4.891439466010148342e-18,7.564553018689080288e-12,3.260303253581483525e-14,2.738199960836072859e-14,1.148948262019555879e-18,4.283050922792573922e-10,1.477900060492678898e-11,8.716456803959563716e-13,1.965121190603888963e-13,3.276381049677502550e-14,0.000000000000000000e+00,0.000000000000000000e+00,0.000000000000000000e+00,2.273145287104107813e-13,0.000000000000000000e+00,0.000000000000000000e+00,2.407566851464283974e-14,3.186560126159304693e-15,3.225632514438551890e-18,1.180200967801810394e-16,2.563642744703851243e-16
0.000000000000000000e+00,0.000000000000000000e+00,0.000000000000000000e+00,0.000000000000000000e+00,0.000000000000000000e+00,0.000000000000000000e+00,0.000000000000000000e+00,0.000000000000000000e+00,0.000000000000000000e+00,0.000000000000000000e+00,0.000000000000000000e+00,0.000000000000000000e+00,0.000000000000000000e+00,0.000000000000000000e+00,1.794586015499401025e-10,7.415217601553842459e-16,0.000000000000000000e+00,3.732031855318404128e-10,8.965161791145373641e-18,4.828133149712574633e-15,2.617120792590198425e-15,0.000000000000000000e+00,0.000000000000000000e+00,0.000000000000000000e+00,0.000000000000000000e+00,1.073913922625058134e-15,2.200453657057121717e-14,1.306609329987697304e-11,7.198014695495554278e-12,0.000000000000000000e+00,2.880302935880818394e-17,4.052897565649965861e-15,0.000000000000000000e+00,0.000000000000000000e+00,0.000000000000000000e+00,0.000000000000000000e+00,5.097339691410749313e-15,0.000000000000000000e+00,1.299878573557884329e-11,6.108555294130671205e-16,2.713037523364487478e-15,1.690922888893745139e-13,0.000000000000000000e+00,0.000000000000000000e+00,4.048697943124003495e-11,1.265911211991559383e-18,1.221828499048010598e-15,1.881112101680495644e-14,0.000000000000000000e+00,0.000000000000000000e+00,1.139748581312324317e-11,6.566386710115080748e-12,0.000000000000000000e+00,0.000000000000000000e+00,0.000000000000000000e+00,0.000000000000000000e+00,8.982296110435464106e-14,0.000000000000000000e+00,0.000000000000000000e+00,2.888611469231563013e-09,1.600029097891225797e-14,1.799346377865285792e-14,9.999999948265967387e-01,3.910586165128327167e-16,0.000000000000000000e+00,0.000000000000000000e+00,6.851609789749033810e-13,0.000000000000000000e+00,0.000000000000000000e+00,4.647441250284974375e-12,0.000000000000000000e+00,0.000000000000000000e+00,5.965868882022022573e-17,0.000000000000000000e+00,5.971347824341658545e-14,0.000000000000000000e+00,2.922085308291039943e-18,4.142375897037318224e-18,1.922562526692116287e-10,5.723596131861308803e-11,3.372209307859465963e-10,1.298757308310170750e-10,3.459984109567737836e-18,0.000000000000000000e+00,7.228574426473781328e-15,0.000000000000000000e+00,4.556301464037455400e-11,4.390658939124301711e-15,7.130390179180328817e-18,8.323207161528518070e-18,1.336916672971008697e-11,5.751118328742299263e-14,4.675574163346018301e-14,1.961855307621774190e-18,8.264833447708463979e-10,2.977135324406364970e-11,1.720644208573343174e-12,3.742996590614215911e-13,6.501725206362142965e-14,0.000000000000000000e+00,0.000000000000000000e+00,0.000000000000000000e+00,5.585926972051294663e-13,0.000000000000000000e+00,0.000000000000000000e+00,5.018989659109359467e-14,5.447308726972704458e-15,7.873988921469224127e-18,2.377462057120609680e-16,5.164759495420875462e-16
0.000000000000000000e+00,0.000000000000000000e+00,0.000000000000000000e+00,0.000000000000000000e+00,0.000000000000000000e+00,0.000000000000000000e+00,0.000000000000000000e+00,0.000000000000000000e+00,0.000000000000000000e+00,0.000000000000000000e+00,0.000000000000000000e+00,0.000000000000000000e+00,0.000000000000000000e+00,0.000000000000000000e+00,3.719939965960513367e-10,1.922935968626522541e-15,0.000000000000000000e+00,7.734460402413839079e-10,1.935913393388633102e-17,9.035002961017213009e-15,5.631917259727771907e-15,0.000000000000000000e+00,0.000000000000000000e+00,0.000000000000000000e+00,0.000000000000000000e+00,2.019556634119522996e-15,4.952626621386155610e-14,2.463586869965523832e-11,1.617893305487322043e-11,0.000000000000000000e+00,6.474766423474390190e-17,1.116191498043195406e-14,0.000000000000000000e+00,0.000000000000000000e+00,0.000000000000000000e+00,0.000000000000000000e+00,1.095312086536767448e-14,0.000000000000000000e+00,2.834091865580752320e-11,1.123874218318839087e-15,5.923281062975107737e-15,3.122516454292776147e-13,0.000000000000000000e+00,0.000000000000000000e+00,8.178801143576225408e-11,2.277742061783498399e-18,2.184781855411398886e-15,3.426462606094902562e-14,0.000000000000000000e+00,1.468901835052924225e-18,2.098994781954672921e-11,1.427701885138956269e-11,1.058219072765708998e-18,0.000000000000000000e+00,0.000000000000000000e+00,0.000000000000000000e+00,1.962408907437769958e-13,0.000000000000000000e+00,0.000000000000000000e+00,5.313929029884641901e-09,2.721218242852302353e-14,2.985170106384423289e-14,9.999999904795450201e-01,8.132674502163398428e-16,0.000000000000000000e+00,0.000000000000000000e+00,1.383932710368424922e-12,0.000000000000000000e+00,0.000000000000000000e+00,9.986519044423808680e-12,0.000000000000000000e+00,0.000000000000000000e+00,1.101183999361401515e-16,0.000000000000000000e+00,1.227826121325601029e-13,0.000000000000000000e+00,5.191202165333823765e-18,7.231028800431594663e-18,3.271169878672789709e-10,1.016803335280086780e-10,5.595311451825925343e-10,2.267086736894368826e-10,1.162443209726202996e-17,0.000000000000000000e+00,1.524908345218531259e-14,0.000000000000000000e+00,8.551799254517597179e-11,7.471622474019852217e-15,1.212616050974901835e-17,1.382453794550223214e-17,2.275197473916539765e-11,9.775626405100304639e-14,7.783357864562681935e-14,3.265855192864266778e-18,1.479027062211526039e-09,5.495197324788605110e-11,3.128778350663263323e-12,6.629776652340953984e-13,1.186579984641250042e-13,0.000000000000000000e+00,0.000000000000000000e+00,0.000000000000000000e+00,1.180992301728009092e-12,0.000000000000000000e+00,0.000000000000000000e+00,9.525259790086446580e-14,9.073308796192359443e-15,1.660045496731288202e-17,4.388343670187730318e-16,9.533593862767568665e-16
0.000000000000000000e+00,0.000000000000000000e+00,0.000000000000000000e+00,0.000000000000000000e+00,0.000000000000000000e+00,0.000000000000000000e+00,0.000000000000000000e+00,0.000000000000000000e+00,0.000000000000000000e+00,0.000000000000000000e+00,0.000000000000000000e+00,0.000000000000000000e+00,0.000000000000000000e+00,0.000000000000000000e+00,7.079691644540580961e-10,4.293682086874699154e-15,1.020763763679148704e-18,1.471828592387521179e-09,3.782049914354108606e-17,1.598479889168658218e-14,1.097930104542263988e-14,0.000000000000000000e+00,0.000000000000000000e+00,0.000000000000000000e+00,0.000000000000000000e+00,3.560658678300978993e-15,9.932746510878318685e-14,4.349871433431126057e-11,3.236794929790845688e-11,0.000000000000000000e+00,1.295564134545782064e-16,2.606334199129585318e-14,0.000000000000000000e+00,0.000000000000000000e+00,0.000000000000000000e+00,0.000000000000000000e+00,2.144323137960793939e-14,0.000000000000000000e+00,5.568460915002519192e-11,1.958891989519881309e-15,1.164226570681353574e-14,5.487629417066354422e-13,0.000000000000000000e+00,0.000000000000000000e+00,1.524225666505089186e-10,3.914285564499330083e-18,3.748175301797432348e-15,5.928974555180909381e-14,0.000000000000000000e+00,2.875519404835600942e-18,3.660492706246501803e-11,2.794525809446149319e-11,1.845075272752259645e-18,0.000000000000000000e+00,0.000000000000000000e+00,0.000000000000000000e+00,3.858715279821231530e-13,0.000000000000000000e+00,0.000000000000000000e+00,9.316681458291757903e-09,4.530683936869467909e-14,4.891711641025541565e-14,9.999999832789903120e-01,1.559542641369835873e-15,0.000000000000000000e+00,0.000000000000000000e+00,2.578876260177829650e-12,0.000000000000000000e+00,0.000000000000000000e+00,1.955112556659391999e-11,0.000000000000000000e+00,0.000000000000000000e+00,1.932215397566701403e-16,0.000000000000000000e+00,2.322619613797245515e-13,0.000000000000000000e+00,8.868611802843498626e-18,1.219367495701761160e-17,5.447694143354819229e-10,1.737053767966337955e-10,9.169508030346720014e-10,3.822836552414741772e-10,3.534903121910539605e-17,0.000000000000000000e+00,2.911527643714308492e-14,0.000000000000000000e+00,1.522124873525131814e-10,1.244403219923930772e-14,2.018813658761431525e-17,2.267056746296162756e-17,3.789505490044757395e-11,1.626961198602901540e-13,1.278209021146511823e-13,5.363279976780316379e-18,2.538547397348925516e-09,9.642241764540671097e-11,5.430297517030520896e-12,1.129145722344653547e-12,2.064633986138243757e-13,0.000000000000000000e+00,0.000000000000000000e+00,1.143568158564634625e-18,2.282001829367193762e-12,0.000000000000000000e+00,0.000000000000000000e+00,1.709068584103302771e-13,1.490519488281111869e-14,3.203844189432716832e-17,7.700107465661068461e-16,1.672878903474281162e-15
0.000000000000000000e+00,0.000000000000000000e+00,0.000000000000000000e+00,0.000000000000000000e+00,0.000000000000000000e+00,0.000000000000000000e+00,0.000000000000000000e+00,0.000000000000000000e+00,0.000000000000000000e+00,0.000000000000000000e+00,0.000000000000000000e+00,0.000000000000000000e+00,0.000000000000000000e+00,0.000000000000000000e+00,1.276267005587044678e-09,8.701997175456873048e-15,1.736784554676393588e-18,2.653120784094558297e-09,6.935300285922013628e-17,2.733349129152384548e-14,2.010539291145321764e-14,0.000000000000000000e+00,0.000000000000000000e+00,0.000000000000000000e+00,0.000000000000000000e+00,6.051645506805485335e-15,1.852520054660607944e-13,7.399204598053787448e-11,6.020298308299262638e-11,0.000000000000000000e+00,2.410277457451684690e-16,5.463168998303013314e-14,0.000000000000000000e+00,0.000000000000000000e+00,0.000000000000000000e+00,0.000000000000000000e+00,3.951962349909748000e-14,0.000000000000000000e+00,1.025112193782769216e-10,3.310575366880144943e-15,2.143100791848983773e-14,9.355244315757940200e-13,0.000000000000000000e+00,0.000000000000000000e+00,2.702151848160182597e-10,6.553665976534631019e-18,6.276212905074550263e-15,9.965091047375584119e-14,0.000000000000000000e+00,5.274052094518953875e-18,6.188279141776708942e-11,5.124510733750289595e-11,3.118833321823370171e-18,0.000000000000000000e+00,0.000000000000000000e+00,0.000000000000000000e+00,7.104931878953925924e-13,0.000000000000000000e+00,0.000000000000000000e+00,1.585836903714024800e-08,7.448831754377048050e-14,7.961176704917967621e-14,9.999999714815109852e-01,2.854763952614880576e-15,0.000000000000000000e+00,0.000000000000000000e+00,4.571452323669246535e-12,0.000000000000000000e+00,0.000000000000000000e+00,3.603287661813611294e-11,0.000000000000000000e+00,0.000000000000000000e+00,3.286988085170310476e-16,0.000000000000000000e+00,4.168212325454438909e-13,0.000000000000000000e+00,1.481095633734816542e-17,2.017546889919226298e-17,8.957824922486539028e-10,2.900830428236246469e-10,1.492379759038716387e-09,6.324808914006309197e-10,1.013870702624233974e-16,0.000000000000000000e+00,5.231707963087879912e-14,0.000000000000000000e+00,2.620080284681709215e-10,2.046317471916480289e-14,3.318935531787562055e-17,3.691318326228043291e-17,6.231674488602556154e-11,2.674176068003749674e-13,2.083141921348504837e-13,8.740707965220750460e-18,4.251875853454244121e-09,1.640287481758737741e-10,9.165401028728278604e-12,1.880654772557379675e-12,3.490789195688305966e-13,0.000000000000000000e+00,0.000000000000000000e+00,1.914867009771640491e-18,4.161955276421111911e-12,0.000000000000000000e+00,0.000000000000000000e+00,2.959055383700481947e-13,2.429584411813363244e-14,5.840635310812919870e-17,1.309904675713378939e-15,2.845867617385168545e-15
0.000000000000000000e+00,0.000000000000000000e+00,0.000000000000000000e+00,0.000000000000000000e+00,0.000000000000000000e+00,0.000000000000000000e+00,0.000000000000000000e+00,0.000000000000000000e+00,0.000000000000000000e+00,0.000000000000000000e+00,0.000000000000000000e+00,0.000000000000000000e+00,0.000000000000000000e+00,0.000000000000000000e+00,2.219832167993612755e-09,1.651193852876231838e-14,2.897970055470313702e-18,4.614490365755034466e-09,1.219779151578611180e-16,4.575302954174139582e-14,3.532864707108376080e-14,0.000000000000000000e+00,0.000000000000000000e+00,0.000000000000000000e+00,0.000000000000000000e+00,1.006741311271393579e-14,3.294702617046047605e-13,1.231522907615656475e-10,1.067944466586652534e-10,0.000000000000000000e+00,4.277222119461686864e-16,1.063544584092243349e-13,0.000000000000000000e+00,0.000000000000000000e+00,0.000000000000000000e+00,0.000000000000000000e+00,6.992395923471768059e-14,2.142921734523023732e-18,1.808449705594597870e-10,5.493612372855373662e-15,3.779869997158570455e-14,1.564286324980169769e-12,0.000000000000000000e+00,0.000000000000000000e+00,4.639008642380164164e-10,1.080809079587169753e-17,1.035665257881410491e-14,1.647187847959490370e-13,0.000000000000000000e+00,9.273900336748477542e-18,1.027085374857119145e-10,9.008183781691282736e-11,5.176040215556789855e-18,0.000000000000000000e+00,0.000000000000000000e+00,0.000000000000000000e+00,1.253328971910725866e-12,0.000000000000000000e+00,0.000000000000000000e+00,2.648942569497760900e-08,1.215305336398623083e-13,1.290534406354498270e-13,9.999999522769300597e-01,5.103815849505001744e-15,0.000000000000000000e+00,0.000000000000000000e+00,7.847649804651122962e-12,0.000000000000000000e+00,0.000000000000000000e+00,6.375526624990217365e-11,0.000000000000000000e+00,0.000000000000000000e+00,5.483711528982144843e-16,0.000000000000000000e+00,7.226119779471287220e-13,0.000000000000000000e+00,2.440151741045540087e-17,3.302615312046980594e-17,1.461637349468402157e-09,4.778883842418295492e-10,2.419253978694131872e-09,1.035231931720113054e-09,2.805883878016537386e-16,0.000000000000000000e+00,9.047538006979176924e-14,0.000000000000000000e+00,4.412713648656584736e-10,3.339055634213600286e-14,5.414775438092743906e-17,5.985525449719365876e-17,1.016861250553980359e-10,4.362288994733753633e-13,3.379816321981603435e-13,1.418144015108232589e-17,7.017361505311900274e-09,2.736503014208064416e-10,1.520579952107573180e-11,3.091610860474442771e-12,5.798184192063272744e-13,0.000000000000000000e+00,0.000000000000000000e+00,3.159799349071845770e-18,7.303400856385891123e-12,0.000000000000000000e+00,0.000000000000000000e+00,5.004601092970235180e-13,3.942308285749938776e-14,1.024815126606228922e-16,2.185326640017415847e-15,4.747838939575799168e-15
0.000000000000000000e+00,0.000000000000000000e+00,0.000000000000000000e+00,0.000000000000000000e+00,0.000000000000000000e+00,0.000000000000000000e+00,0.000000000000000000e+00,0.000000000000000000e+00,0.000000000000000000e+00,0.000000000000000000e+00,0.000000000000000000e+00,0.000000000000000000e+00,0.000000000000000000e+00,0.000000000000000000e+00,3.768793669672763815e-09,2.991959283299520959e-14,4.775769001168386353e-18,7.834372629230136425e-09,2.085904005641932014e-16,7.555299432082008191e-14,6.037645750119827438e-14,0.000000000000000000e+00,0.000000000000000000e+00,0.000000000000000000e+00,0.000000000000000000e+00,1.653671112705829534e-14,5.676294609353975329e-13,2.023472312167479862e-10,1.835928900654771459e-10,0.000000000000000000e+00,7.357466184274220472e-16,1.965519604027496723e-13,0.000000000000000000e+00,5.581807983210724173e-19,0.000000000000000000e+00,0.000000000000000000e+00,1.202833344052043099e-13,3.530798340930634728e-18,3.100458699087462478e-10,9.015942331441538290e-15,6.478608938080732782e-14,2.582894261001319730e-12,0.000000000000000000e+00,0.000000000000000000e+00,7.798271809648350834e-10,1.766461324019569853e-17,1.693686523232221985e-14,2.695816060203619762e-13,0.000000000000000000e+00,1.585872052182257683e-17,1.685811957139242574e-10,1.539680804916514077e-10,8.495355625440181852e-18,0.000000000000000000e+00,0.000000000000000000e+00,0.000000000000000000e+00,2.148386624350884522e-12,0.000000000000000000e+00,2.899256479682374804e-18,4.370819612591184430e-08,1.973406351218059179e-13,2.086952192083177612e-13,9.999999211376562336e-01,9.069467721642549461e-15,0.000000000000000000e+00,0.000000000000000000e+00,1.319134220213592521e-11,0.000000000000000000e+00,0.000000000000000000e+00,1.096727524743111340e-10,0.000000000000000000e+00,0.000000000000000000e+00,9.035265069885922715e-16,0.000000000000000000e+00,1.224004200383925336e-12,0.000000000000000000e+00,3.987264764694860796e-17,5.373075570159622398e-17,2.373532603720962564e-09,7.807950547116533458e-10,3.912282188190083007e-09,1.683959179296528085e-09,7.592606008991574906e-16,0.000000000000000000e+00,1.526610459435398531e-13,0.000000000000000000e+00,7.324805779146095745e-10,5.422353780713334291e-14,8.792268327654531185e-17,9.681152222295594393e-17,1.651314418402603551e-10,7.082694016718836076e-13,5.468646403850981417e-13,2.294598920893012373e-17,1.147708733137783311e-08,4.508807772147905524e-10,2.495671038636385775e-11,5.042642721468802282e-12,9.523855901586623118e-13,0.000000000000000000e+00,0.000000000000000000e+00,5.167405376889969190e-18,1.248275271763359824e-11,0.000000000000000000e+00,0.000000000000000000e+00,8.332379155291477204e-13,6.379145317272463786e-14,1.751678826983924594e-16,3.600665511827443828e-15,7.822856176543752842e-15
0.000000000000000000e+00,0.000000000000000000e+00,0.000000000000000000e+00,0.000000000000000000e+00,0.000000000000000000e+00,0.000000000000000000e+00,0.000000000000000000e+00,0.000000000000000000e+00,0.000000000000000000e+00,0.000000000000000000e+00,0.000000000000000000e+00,0.000000000000000000e+00,0.000000000000000000e+00,0.000000000000000000e+00,6.293734366210180379e-09,5.246626360900532060e-14,7.807829173775212765e-18,1.308324460557267010e-08,3.499501161597248539e-16,1.236819787210032102e-13,1.012496219746535610e-13,0.000000000000000000e+00,0.000000000000000000e+00,0.000000000000000000e+00,0.000000000000000000e+00,2.695649854303303645e-14,9.571277072878170974e-13,3.298987855580009800e-10,3.090858154090900141e-10,0.000000000000000000e+00,1.239834790381932922e-15,3.500195940154318529e-13,0.000000000000000000e+00,1.505714307285410296e-18,0.000000000000000000e+00,0.000000000000000000e+00,2.028737884360218981e-13,5.770925908124857329e-18,5.213090446946151723e-10,1.469698349642685473e-14,1.089057493135356967e-13,4.229422195306441923e-12,0.000000000000000000e+00,0.000000000000000000e+00,1.292761296531006954e-09,2.871455354485770340e-17,2.754237814068857106e-14,4.385686955512910711e-13,0.000000000000000000e+00,2.662004138538179752e-17,2.748246487185520317e-10,2.582451460209772900e-10,1.384896085318357449e-17,0.000000000000000000e+00,0.000000000000000000e+00,0.000000000000000000e+00,3.611617842166539705e-12,0.000000000000000000e+00,7.828292645727278024e-18,7.153771571644597064e-08,3.194644641168276373e-13,3.369490856182497542e-13,9.999998707732029590e-01,1.626087422851913801e-14,0.000000000000000000e+00,0.000000000000000000e+00,2.186707702670680607e-11,0.000000000000000000e+00,0.000000000000000000e+00,1.849787216584578904e-10,0.000000000000000000e+00,0.000000000000000000e+00,1.476770532516744003e-15,0.000000000000000000e+00,2.040903854325661162e-12,0.000000000000000000e+00,6.482666894926385474e-17,8.710590586154935653e-17,3.842521948054742395e-09,1.269226095212069304e-09,6.316630235990295920e-09,2.729240756278764286e-09,2.024872585282678872e-15,0.000000000000000000e+00,2.535161682277035744e-13,8.713583873066458752e-19,1.204038190846183549e-09,8.778388500370830926e-14,1.423311270785892783e-16,1.563262697242748211e-16,2.673370451185998618e-10,1.146499922856772780e-12,8.832628366951607733e-13,3.706096807816485641e-17,1.866499545703339573e-08,7.369418055655776273e-10,4.068133299256684112e-11,8.185585274247208854e-12,1.553277406692667783e-12,0.000000000000000000e+00,0.000000000000000000e+00,8.403119029593113410e-18,2.094991439179343942e-11,0.000000000000000000e+00,0.000000000000000000e+00,1.372608718606709147e-12,1.030352691313032425e-13,2.940182919688946672e-16,5.885115213287716408e-15,1.278613903692281859e-14
0.000000000000000000e+00,0.000000000000000000e+00,0.000000000000000000e+00,0.000000000000000000e+00,0.000000000000000000e+00,0.000000000000000000e+00,0.000000000000000000e+00,0.000000000000000000e+00,0.000000000000000000e+00,0.000000000000000000e+00,0.000000000000000000e+00,0.000000000000000000e+00,0.000000000000000000e+00,0.000000000000000000e+00,1.039127764620141312e-08,8.987387248086799618e-14,1.269953758804163821e-17,2.160163912921249833e-08,5.794987139889554191e-16,2.013407509218596046e-13,1.676148853471978060e-13,0.000000000000000000e+00,0.000000000000000000e+00,0.000000000000000000e+00,0.000000000000000000e+00,4.373552756718694151e-14,1.590409218449373807e-12,5.352857306685939827e-10,5.131787761557674635e-10,0.000000000000000000e+00,2.061630043477744506e-15,6.070415851057353236e-13,0.000000000000000000e+00,4.009460320049382247e-18,0.000000000000000000e+00,0.000000000000000000e+00,3.374555361225830816e-13,9.382747483636803921e-18,8.649167882976482556e-10,2.385842549867249684e-14,1.806589304505557607e-13,6.886889556865713078e-12,0.000000000000000000e+00,0.000000000000000000e+00,2.123334520344827838e-09,4.652187270347577826e-17,4.462696635292370798e-14,7.108747571883451226e-13,0.000000000000000000e+00,4.414013532253509456e-17,4.461551837448147285e-10,4.276758380188739398e-10,2.248234334327391218e-17,0.000000000000000000e+00,0.000000000000000000e+00,0.000000000000000000e+00,5.991154051672628556e-12,0.000000000000000000e+00,2.085239626371344008e-17,1.164503135580275533e-07,5.160867563074227334e-13,5.433654868105079587e-13,9.999997894539318644e-01,2.980625667593700021e-14,0.000000000000000000e+00,0.000000000000000000e+00,3.591514584303452989e-11,0.000000000000000000e+00,0.000000000000000000e+00,3.076906175521309485e-10,0.000000000000000000e+00,0.000000000000000000e+00,2.401025740130950384e-15,0.000000000000000000e+00,3.366705717519311205e-12,0.000000000000000000e+00,1.050780237133244976e-16,1.409261065427240117e-16,6.207631695310666083e-09,2.056714038088652608e-09,1.018627487683030970e-08,4.413690742165224533e-09,5.347902114834198399e-15,1.976547958735504476e-18,4.166886672092423724e-13,2.341798548556130616e-18,1.966010655200928001e-09,1.418171423136741863e-13,2.299298453358434781e-16,2.521134004743069064e-16,4.318914665010523523e-10,1.852055695371753653e-12,1.424706370372299716e-12,5.977948289360499752e-17,3.024418217390810748e-08,1.198163252940995926e-09,6.602084719818966973e-11,1.324706814230484394e-11,2.521663585736459044e-12,0.000000000000000000e+00,0.000000000000000000e+00,1.361557954986858340e-17,3.471696079404014509e-11,0.000000000000000000e+00,0.000000000000000000e+00,2.244688171080904648e-12,1.661982593950563465e-13,4.872880235212736625e-16,9.568388522446745510e-15,2.078856237750824308e-14
0.000000000000000000e+00,0.000000000000000000e+00,0.000000000000000000e+00,0.000000000000000000e+00,0.000000000000000000e+00,0.000000000000000000e+00,0.000000000000000000e+00,0.000000000000000000e+00,0.000000000000000000e+00,0.000000000000000000e+00,0.000000000000000000e+00,0.000000000000000000e+00,0.000000000000000000e+00,0.000000000000000000e+00,1.702133876822432610e-08,1.514115718634729188e-13,2.058742022132130698e-17,3.538570980519419148e-08,9.511171434086919168e-16,3.265739145481512768e-13,2.750471448525689419e-13,0.000000000000000000e+00,0.000000000000000000e+00,0.000000000000000000e+00,0.000000000000000000e+00,7.074276169939984869e-14,2.616310659427859854e-12,8.658485337057795151e-10,8.443536295933915367e-10,0.000000000000000000e+00,3.400309043964202756e-15,1.033436407072261788e-12,0.000000000000000000e+00,1.057562054538931178e-17,0.000000000000000000e+00,0.000000000000000000e+00,5.558235274640702359e-13,1.520097646089314291e-17,1.421929676004111206e-09,3.863217997083920182e-14,2.969843707897884755e-13,1.117066202521750522e-11,0.000000000000000000e+00,0.000000000000000000e+00,3.466230113516107183e-09,7.521515285079277764e-17,7.213117177033442641e-14,1.149594752311434919e-12,0.000000000000000000e+00,7.262621185785431826e-17,7.224387645736027856e-10,7.022691951931087545e-10,3.640445165195428459e-17,0.000000000000000000e+00,0.000000000000000000e+00,0.000000000000000000e+00,9.848328353422811739e-12,0.000000000000000000e+00,5.503480606513917490e-17,1.888444721189713212e-07,8.323794327384592160e-13,8.752432451779680600e-13,9.999996583326475896e-01,5.642856547248195857e-14,0.000000000000000000e+00,0.000000000000000000e+00,5.862840744899772077e-11,0.000000000000000000e+00,0.000000000000000000e+00,5.067990091774809454e-10,0.000000000000000000e+00,2.306000785116163531e-18,3.889888598928681179e-15,2.753311216611550890e-18,5.513452610874905532e-12,0.000000000000000000e+00,1.700168317915218547e-16,2.277484757768673416e-16,1.001222213928428322e-08,3.326256759856339914e-09,1.640791409812998402e-08,7.128040492276121497e-09,1.402779643514257195e-14,5.216615805368788053e-18,6.803986588952719411e-13,6.221482786341116230e-18,3.195293253627942861e-09,2.287374265368328860e-13,3.708435857929823311e-16,4.061251238638056051e-16,6.966010352424679505e-10,2.987022650913238743e-12,2.295318261729258071e-12,9.630965381786564874e-17,4.888548785965785130e-08,1.941129573068338226e-09,1.068246371526564993e-10,2.139367301511529163e-11,4.081131840170831952e-12,0.000000000000000000e+00,0.000000000000000000e+00,2.200703270641539095e-17,5.702126971312020256e-11,0.000000000000000000e+00,0.000000000000000000e+00,3.652200082370210934e-12,2.677580324481553517e-13,8.004377588638908619e-16,1.550168888828249584e-14,3.367948848959634658e-14
0.000000000000000000e+00,0.000000000000000000e+00,0.000000000000000000e+00,0.000000000000000000e+00,0.000000000000000000e+00,0.000000000000000000e+00,0.000000000000000000e+00,0.000000000000000000e+00,0.000000000000000000e+00,0.000000000000000000e+00,0.000000000000000000e+00,0.000000000000000000e+00,0.000000000000000000e+00,0.000000000000000000e+00,2.772653500177198108e-08,2.521488539456494352e-13,3.330144180713343275e-17,5.764397069421683504e-08,1.551611135628151179e-15,5.284467770904608923e-13,4.486383517578487712e-13,0.000000000000000000e+00,0.000000000000000000e+00,0.000000000000000000e+00,0.000000000000000000e+00,1.141769402107123156e-13,4.274266885990409864e-12,1.397413129865729480e-09,1.381457717904887871e-09,0.000000000000000000e+00,5.584574008927777115e-15,1.737641198155398282e-12,0.000000000000000000e+00,2.768549595281745115e-17,0.000000000000000000e+00,0.000000000000000000e+00,9.090913691901406625e-13,2.456412444066490999e-17,2.323034979287578544e-09,6.245741091228112738e-14,4.852152119233584701e-13,1.806726062937686128e-11,0.000000000000000000e+00,0.000000000000000000e+00,5.635791588843616274e-09,1.214358391046879034e-16,1.163675203880936707e-13,1.856189372217065973e-12,0.000000000000000000e+00,1.189711242863108170e-16,1.167984617469860720e-09,1.146755390055616540e-09,5.885608472669886699e-17,0.000000000000000000e+00,0.000000000000000000e+00,0.000000000000000000e+00,1.608839322216251374e-11,0.000000000000000000e+00,1.443049313438545758e-16,3.053902979427056651e-07,1.340477671435952007e-12,1.407956509977296634e-12,9.999994471883741909e-01,1.108386434279658470e-13,0.000000000000000000e+00,0.000000000000000000e+00,9.532388177822313768e-11,0.000000000000000000e+00,0.000000000000000000e+00,8.289086610409314360e-10,0.000000000000000000e+00,6.069410223012282886e-18,6.285864755457808208e-15,7.219367311724314916e-18,8.984880937176116499e-12,0.000000000000000000e+00,2.748200926421145541e-16,3.678714611651115489e-16,1.612399510540813935e-08,5.372746384137431781e-09,2.639459238812335223e-08,1.150113157598941560e-08,3.659963051657060095e-14,1.367831578473520992e-17,1.106490943959824584e-12,1.639410030798767982e-17,5.175639839140091818e-09,3.683695849536787109e-13,5.972094208211993717e-16,6.533490121020697036e-16,1.121841379680878963e-09,4.810227932478153597e-12,3.692971993900124299e-12,1.549541369331013590e-16,7.886759567306660919e-08,3.136744868582357649e-09,1.724678695808516070e-10,3.449341958382695661e-11,6.590083948998692198e-12,0.000000000000000000e+00,1.051380322747683267e-18,3.550340800207005508e-17,9.306634542308812160e-11,0.000000000000000000e+00,0.000000000000000000e+00,5.920423426226309282e-12,4.307916205276317357e-13,1.306535031395887236e-15,2.504995729702765986e-14,5.442442780633493915e-14
0.000000000000000000e+00,0.000000000000000000e+00,0.000000000000000000e+00,0.000000000000000000e+00,0.000000000000000000e+00,0.000000000000000000e+00,0.000000000000000000e+00,0.000000000000000000e+00,0.000000000000000000e+00,0.000000000000000000e+00,0.000000000000000000e+00,0.000000000000000000e+00,0.000000000000000000e+00,0.000000000000000000e+00,4.498114354566392536e-08,4.167144606411056454e-13,5.378638572143238326e-17,9.352431445174609493e-08,2.520787159178629155e-15,8.537298336143429483e-13,7.287997899597244068e-13,0.000000000000000000e+00,0.000000000000000000e+00,0.000000000000000000e+00,0.000000000000000000e+00,1.839316357581725444e-13,6.948933204277262682e-12,2.250943930688139426e-09,2.253338644731111354e-09,0.000000000000000000e+00,9.164357127061494909e-15,2.900516892122252613e-12,0.000000000000000000e+00,7.198447055393870400e-17,0.000000000000000000e+00,0.000000000000000000e+00,1.479300135654205479e-12,3.961151269154466911e-17,3.778932138091120592e-09,1.008837197366846488e-13,7.894806975046491178e-13,2.915279835728160529e-11,0.000000000000000000e+00,0.000000000000000000e+00,9.139956028884751918e-09,1.958533469744952604e-16,1.874088975825898552e-13,2.993535886868498730e-12,0.000000000000000000e+00,1.945811265819056013e-16,1.886552035437074307e-09,1.866074659321727227e-09,9.506641432562422398e-17,0.000000000000000000e+00,0.000000000000000000e+00,0.000000000000000000e+00,2.617148963505008751e-11,0.000000000000000000e+00,3.764774792790740368e-16,4.927203167923644506e-07,2.154913393163354759e-12,2.260783637397175215e-12,9.999991077221872526e-01,2.250064415290158996e-13,0.000000000000000000e+00,0.000000000000000000e+00,1.545937584426705813e-10,0.000000000000000000e+00,0.000000000000000000e+00,1.348822283830653072e-09,0.000000000000000000e+00,1.587940510689396323e-17,1.013636330383143578e-14,1.883463175487464984e-17,1.459477783342981630e-11,0.000000000000000000e+00,4.440524276759233224e-16,5.941622055504384177e-16,2.592063050896120224e-08,8.671184141792701052e-09,4.238239340080638026e-08,1.854386626608188834e-08,9.502923999711107574e-14,3.568539606415804977e-17,1.795226119672552756e-12,4.293595655650448023e-17,8.360818300349739779e-09,5.921919957305737774e-13,9.600520922857381881e-16,1.049162179398051083e-15,1.803478050981047435e-09,7.732592654375783206e-12,5.930973371611448613e-12,2.488591475864719452e-16,1.270183479859961346e-07,5.058128891084744393e-09,2.779223855985316920e-10,5.552514807297020787e-11,1.062098617021927832e-11,0.000000000000000000e+00,1.688534332288766874e-18,5.717789702647439210e-17,1.512012327813884810e-10,0.000000000000000000e+00,0.000000000000000000e+00,9.569775764630082186e-12,6.918312783969542281e-13,2.122812026079134804e-15,4.039466981547751146e-14,8.776294945142671535e-14
0.000000000000000000e+00,0.000000000000000000e+00,0.000000000000000000e+00,0.000000000000000000e+00,0.000000000000000000e+00,0.000000000000000000e+00,0.000000000000000000e+00,0.000000000000000000e+00,0.000000000000000000e+00,0.000000000000000000e+00,0.000000000000000000e+00,0.000000000000000000e+00,0.000000000000000000e+00,0.000000000000000000e+00,7.274156054332515060e-08,6.856728232196311175e-13,8.677416232148123850e-17,1.512623712204956371e-07,4.083676459328701431e-15,1.377601868376774709e-12,1.180574609856844846e-12,0.000000000000000000e+00,0.000000000000000000e+00,0.000000000000000000e+00,0.000000000000000000e+00,2.957027340897973290e-13,1.125691630067124772e-11,3.618204389238134902e-09,3.672043592502496530e-09,0.000000000000000000e+00,1.507556251521564175e-14,4.829099087766853767e-12,0.000000000000000000e+00,1.858074561498354420e-16,1.194460837092239179e-18,0.000000000000000000e+00,2.397793379245682566e-12,6.374469187433915120e-17,6.129302921475373506e-09,1.628679474401417881e-13,1.281080488605539721e-12,4.693168195262941625e-11,0.000000000000000000e+00,0.000000000000000000e+00,1.480040391689451870e-08,3.155645423166271277e-16,3.012294414766263644e-13,4.822374561115041552e-12,0.000000000000000000e+00,3.185773604965565568e-16,3.045582918413620947e-09,3.030878239286255006e-09,1.534747216529193552e-16,1.371385628608830030e-18,0.000000000000000000e+00,0.000000000000000000e+00,4.245325054175387867e-11,0.000000000000000000e+00,9.778003121565721422e-16,7.931519976485551511e-07,3.455877962016464916e-12,3.620382536677385258e-12,9.999985631451644430e-01,4.658159601095657859e-13,0.000000000000000000e+00,0.000000000000000000e+00,2.503389520640917642e-10,0.000000000000000000e+00,0.000000000000000000e+00,2.186291714534941889e-09,0.000000000000000000e+00,4.134169640028531176e-17,1.631172775109709264e-14,4.891798608736980452e-17,2.365921024113964867e-11,0.000000000000000000e+00,7.175423386493729948e-16,9.599332996994887610e-16,4.156962387670477934e-08,1.398606737431978277e-08,6.787058030726147742e-08,2.987821377321521340e-08,2.454317008106335340e-13,9.268336582014882464e-17,2.909604058857681389e-12,1.118783747165941786e-16,1.347295245938188069e-08,9.497332536422768639e-13,1.539646394738731181e-15,1.680252413484954172e-15,2.892348381058664280e-09,1.240054560831608007e-11,9.500067217327659442e-12,3.986163506464563491e-16,2.041666195161571540e-07,8.139444909249383558e-09,4.469613413870132958e-10,8.920794784064755767e-11,1.708311020717395612e-11,0.000000000000000000e+00,2.704648792821491467e-18,9.190412209315546194e-17,2.447839871989530815e-10,0.000000000000000000e+00,0.000000000000000000e+00,1.542906926606038951e-11,1.108081068314035297e-12,3.436822827173062895e-15,6.500424802369067263e-14,1.412306641825281273e-13
0.000000000000000000e+00,0.000000000000000000e+00,0.000000000000000000e+00,0.000000000000000000e+00,0.000000000000000000e+00,0.000000000000000000e+00,0.000000000000000000e+00,0.000000000000000000e+00,0.000000000000000000e+00,0.000000000000000000e+00,0.000000000000000000e+00,0.000000000000000000e+00,0.000000000000000000e+00,0.000000000000000000e+00,1.173033836473340653e-07,1.126579989302789885e-12,1.398529709577642117e-16,2.439733413272514205e-07,6.602122863063654488e-15,2.220671536935342348e-12,1.908543738603471459e-12,0.000000000000000000e+00,0.000000000000000000e+00,0.000000000000000000e+00,0.000000000000000000e+00,4.741595799566929459e-13,1.818324476913296170e-11,5.800234258406327249e-09,5.989998879712832845e-09,0.000000000000000000e+00,2.494910002087318527e-14,8.057363943997414614e-12,0.000000000000000000e+00,4.752816665878857902e-16,4.886953122902835855e-18,6.209395482778254459e-19,3.873988680705620222e-12,1.023285569062754672e-16,9.921666854657144261e-09,2.628672870287881822e-13,2.075330695632640456e-12,7.534950100245665508e-11,0.000000000000000000e+00,0.000000000000000000e+00,2.394838033931883686e-08,5.078959128608432953e-16,4.829168553370651622e-13,7.758388464547980395e-12,0.000000000000000000e+00,5.236335920015176451e-16,4.915284870950471872e-09,4.919916354672539152e-09,2.477015766755703168e-16,3.562571014981880798e-18,0.000000000000000000e+00,0.000000000000000000e+00,6.873473175268604698e-11,0.000000000000000000e+00,2.527416838135411025e-15,1.273352676282053100e-06,5.522834690791457564e-12,5.773774213629501750e-12,9.999976923674930296e-01,9.629858527718169495e-13,0.000000000000000000e+00,0.000000000000000000e+00,4.050846459256133199e-10,0.000000000000000000e+00,0.000000000000000000e+00,3.532243537221912513e-09,2.426194634161309364e-18,1.071210354809383463e-16,2.618455227974341771e-14,1.264432643921337567e-16,3.830961251100611687e-11,0.000000000000000000e+00,1.160011783167768354e-15,1.551865283653789708e-15,6.643258566942214235e-08,2.254585928825733278e-08,1.082398830686268286e-07,4.809804453095599788e-08,6.295732344721428929e-13,2.395679244448445561e-16,4.715693944083027567e-12,2.900900991907559921e-16,2.165248165092972431e-08,1.517818106630268222e-12,2.460487206571126127e-15,2.679985655572370240e-15,4.622419353090537483e-09,1.981646423502488555e-11,1.515596931242784798e-11,6.359360526764271206e-16,3.273215376360648986e-07,1.306515137384495284e-08,7.169956788930100289e-10,1.429409080630457227e-10,2.740803209873365786e-11,0.000000000000000000e+00,4.314877517008323620e-18,1.473361588622585014e-16,3.950906978032691065e-10,0.000000000000000000e+00,0.000000000000000000e+00,2.480879337158202355e-11,1.767586351730740184e-12,5.547267515369248005e-15,1.043486234739223696e-13,2.267117135123225606e-13
0.000000000000000000e+00,0.000000000000000000e+00,0.000000000000000000e+00,0.000000000000000000e+00,0.000000000000000000e+00,0.000000000000000000e+00,0.000000000000000000e+00,0.000000000000000000e+00,0.000000000000000000e+00,0.000000000000000000e+00,0.000000000000000000e+00,0.000000000000000000e+00,0.000000000000000000e+00,0.000000000000000000e+00,1.886088128861360095e-07,1.853671192674050270e-12,2.251489173197209940e-16,3.923946028176635618e-07,1.065698767492396728e-14,3.575812225293645845e-12,3.080571694757314981e-12,0.000000000000000000e+00,0.000000000000000000e+00,0.000000000000000000e+00,0.000000000000000000e+00,7.575247956406543012e-13,2.929306454997536208e-11,9.262610215791909998e-09,9.800344997099755086e-09,0.000000000000000000e+00,4.170575353094998956e-14,1.354262775450402180e-11,0.000000000000000000e+00,1.200710997938696749e-15,1.963637021432781390e-17,2.525686415263212811e-18,6.239671431328835024e-12,1.637194732239750716e-16,1.603808290860823971e-08,4.242016992249650590e-13,3.358966484963995676e-12,1.205408100910407588e-10,0.000000000000000000e+00,0.000000000000000000e+00,3.874454057422005891e-08,8.160361214891074397e-16,7.712833895524077231e-13,1.245954962239334784e-11,0.000000000000000000e+00,8.669678178961640367e-16,7.931375969079317789e-09,7.991301895722553603e-09,3.997147154722361290e-16,9.228650543507661425e-18,0.000000000000000000e+00,0.000000000000000000e+00,1.111494877684037883e-10,0.000000000000000000e+00,6.493560230184959984e-15,2.036972297771461861e-06,8.779751530199113379e-12,9.150459280000146611e-12,9.999963068302395452e-01,1.940344907204924678e-12,2.628685178422719632e-18,2.501799935987169683e-18,6.553984830263956595e-10,0.000000000000000000e+00,0.000000000000000000e+00,5.689145097614812745e-09,6.127132154059554436e-18,2.760371020573461093e-16,4.189253114577746004e-14,3.248645947693276822e-16,6.200393819048155294e-11,0.000000000000000000e+00,1.876845595534233292e-15,2.511154895434786700e-15,1.056092273759401872e-07,3.631815488142044424e-08,1.715418900098764172e-07,7.732791587439314247e-08,1.599577641121622687e-12,6.155097571400246854e-16,7.650792772116166004e-12,7.479524879728573286e-16,3.467936645544772306e-08,2.413016515149369592e-12,3.911426210556214415e-15,4.248091378420652857e-15,7.348699435385791798e-09,3.150054079130073198e-11,2.403216486492042947e-11,1.008381151548216854e-15,5.228023000451262906e-07,2.090053916225131003e-08,1.146085164013530032e-09,2.281405391012383325e-10,4.381915798460529206e-11,0.000000000000000000e+00,6.841930243404899457e-18,2.353152331816611337e-16,6.357715878644688650e-10,0.000000000000000000e+00,0.000000000000000000e+00,3.975813205872698116e-11,2.802293562558240103e-12,8.926506693145327837e-15,1.669467009578100703e-13,3.627144566325975633e-13
0.000000000000000000e+00,0.000000000000000000e+00,0.000000000000000000e+00,0.000000000000000000e+00,0.000000000000000000e+00,0.000000000000000000e+00,0.000000000000000000e+00,0.000000000000000000e+00,0.000000000000000000e+00,0.000000000000000000e+00,0.000000000000000000e+00,0.000000000000000000e+00,0.000000000000000000e+00,0.000000000000000000e+00,3.021785516165106092e-07,3.063648477559640637e-12,3.619259531525925648e-16,6.289603781285592560e-07,1.717811235930156914e-14,5.749801330644006350e-12,4.965330095376124863e-12,0.000000000000000000e+00,0.000000000000000000e+00,0.000000000000000000e+00,0.000000000000000000e+00,1.203777714604795035e-12,4.705285524081342944e-11,1.470960197700979821e-08,1.611509408549176914e-08,0.000000000000000000e+00,7.071795136514188711e-14,2.306028778808179152e-11,0.000000000000000000e+00,2.980082557293416689e-15,7.687645928402946055e-17,1.006400409783486161e-17,1.001542499878903364e-11,2.606896151858441140e-16,2.589765977628014473e-08,6.843885131455767285e-13,5.434703178036999345e-12,1.918554290913367290e-10,0.000000000000000000e+00,0.000000000000000000e+00,6.270065339039806640e-08,1.307896892617596856e-15,1.225022950643940165e-12,1.995147909521170388e-11,8.471331176835595142e-19,1.451655207112151093e-15,1.279454412592492237e-08,1.300358569527067802e-08,6.448502656090078842e-16,2.382005360874389536e-17,0.000000000000000000e+00,0.000000000000000000e+00,1.795892249626472463e-10,0.000000000000000000e+00,1.654510763840719831e-14,3.241983215242861961e-06,1.384889661462005760e-11,1.436722118458642929e-11,9.999941184029016439e-01,3.731892863834432767e-12,6.627079738182136631e-18,6.306945514796177181e-18,1.060733687691298186e-09,2.764676904669630584e-18,0.000000000000000000e+00,9.131523996045332987e-09,1.521680127356483789e-17,7.061668924317963308e-16,6.670236493823686682e-14,8.277328619173086017e-16,1.003608057663559888e-10,0.000000000000000000e+00,3.039654379210760047e-15,4.067674958402727833e-15,1.665839195105109679e-07,5.843371043746961349e-08,2.693382251974572188e-07,1.240614442616712522e-07,4.008001983277336498e-12,1.568274571924159254e-15,1.243421980719955446e-11,1.914472434166998858e-15,5.528281959452030052e-08,3.806460518127608805e-12,6.169591985097508504e-15,6.671746982607357405e-15,1.159235233061630397e-08,4.968268677005322807e-11,3.776231490470989136e-11,1.584505637738164189e-15,8.304208857762000038e-07,3.327181160773329955e-08,1.822462544760441253e-09,3.619990402481462791e-10,6.969931341602140294e-11,0.000000000000000000e+00,1.075093146622201562e-17,3.737479800687038958e-16,1.019480162322028916e-09,0.000000000000000000e+00,0.000000000000000000e+00,6.342811445960773813e-11,4.402108146226598595e-12,1.431352164505694355e-14,2.658164996499625712e-13,5.775218861451788542e-13
0.000000000000000000e+00,0.000000000000000000e+00,0.000000000000000000e+00,0.000000000000000000e+00,0.000000000000000000e+00,0.000000000000000000e+00,0.000000000000000000e+00,0.000000000000000000e+00,0.000000000000000000e+00,0.000000000000000000e+00,0.000000000000000000e+00,0.000000000000000000e+00,0.000000000000000000e+00,0.000000000000000000e+00,4.818322670890985871e-07,5.101995189764743695e-12,5.804923389160316186e-16,1.003588894545757900e-06,2.764705094478287796e-14,9.226248492885401107e-12,7.990786424626093844e-12,0.000000000000000000e+00,0.000000000000000000e+00,0.000000000000000000e+00,0.000000000000000000e+00,1.898272712464417197e-12,7.530199737666321599e-11,2.317380322507123859e-08,2.667968320381574408e-08,0.000000000000000000e+00,1.220518747868620183e-13,4.000812987652906257e-11,0.000000000000000000e+00,7.212929715406782727e-15,2.899905119641734394e-16,3.894439000449716896e-17,1.600641237628246842e-11,4.122296120098700856e-16,4.177647397553162878e-08,1.103361976858449447e-12,8.793256315293492252e-12,3.031376556546386949e-10,0.000000000000000000e+00,0.000000000000000000e+00,1.015217209674787733e-07,2.088747921775551017e-15,1.930000018691682824e-12,3.182236969118840770e-11,1.402949714270477817e-18,2.468493346101679943e-15,2.062353965422696530e-08,2.122223888098639808e-08,1.039547153640780847e-15,6.116718295151092931e-17,0.000000000000000000e+00,0.000000000000000000e+00,2.899723802573407341e-10,0.000000000000000000e+00,4.165807962400882500e-14,5.122307994427794893e-06,2.160129646338843402e-11,2.225832153494331730e-11,9.999906985830795403e-01,6.780224187198305618e-12,1.643257856922383750e-17,1.563788204284784147e-17,1.717712681530660296e-09,7.455688574237161954e-18,0.000000000000000000e+00,1.459318197888820059e-08,3.689848710483969745e-17,1.788281838246469892e-15,1.054697541226620373e-13,2.084114498132362179e-15,1.625097481813042121e-10,0.000000000000000000e+00,4.926440454503308280e-15,6.593115973580249232e-15,2.598305803912945504e-07,9.381047567676493206e-08,4.172638906519199614e-07,1.983486667204787912e-07,9.843413754275820686e-12,3.948684538961478889e-15,2.026235261519128249e-11,4.851510371017506474e-15,8.754137787628016832e-08,5.937751851351166084e-12,9.622734674965138678e-15,1.034012018316878528e-14,1.808300542280167920e-08,7.748084575001114003e-11,5.856846320014138574e-11,2.457561188686892335e-15,1.308439349376335418e-06,5.259241186217184208e-08,2.876174559675392460e-09,5.695023649388131783e-10,1.100432253203460964e-10,0.000000000000000000e+00,1.667455890519713293e-17,5.888296989017248722e-16,1.627309411213002565e-09,0.000000000000000000e+00,0.000000000000000000e+00,1.005478641941093553e-10,6.824728896562066841e-12,2.284617810084399790e-14,4.203081115515846427e-13,9.131733094202697890e-13
0.000000000000000000e+00,0.000000000000000000e+00,0.000000000000000000e+00,0.000000000000000000e+00,0.000000000000000000e+00,0.000000000000000000e+00,0.000000000000000000e+00,0.000000000000000000e+00,0.000000000000000000e+00,0.000000000000000000e+00,0.000000000000000000e+00,0.000000000000000000e+00,0.000000000000000000e+00,0.000000000000000000e+00,7.632589186368854620e-07,8.585595623249009689e-12,9.278351346223783924e-16,1.591380963453589954e-06,4.440668314324121906e-14,1.475706551868367236e-11,1.283342157818179966e-11,0.000000000000000000e+00,0.000000000000000000e+00,0.000000000000000000e+00,0.000000000000000000e+00,2.961812080678331024e-12,1.199130632237928812e-10,3.610841663515952229e-08,4.450921000591700076e-08,0.000000000000000000e+00,2.146079545971427986e-13,7.102931862294801948e-11,0.000000000000000000e+00,1.687008491837206137e-14,1.039247058117141676e-15,1.446798638926342026e-16,2.543287322281720920e-11,6.455273844058391732e-16,6.730125033972864471e-08,1.775414671571494969e-12,1.422763406987956052e-11,4.740926144434228703e-10,0.000000000000000000e+00,0.000000000000000000e+00,1.644284608779757981e-07,3.318718706799041720e-15,3.006225027586896456e-12,5.046936695167411593e-11,2.345209370569532878e-18,4.277298861208501492e-15,3.317733329544338156e-08,3.476763500379931020e-08,1.672580943193749407e-15,1.558861319588505511e-16,0.000000000000000000e+00,0.000000000000000000e+00,4.677757880370429937e-10,0.000000000000000000e+00,1.031489169679265126e-13,8.010984486857107437e-06,3.318155353052504923e-11,3.386406895038121850e-11,9.999854329649402462e-01,1.166453693571939411e-11,3.981774123608176871e-17,3.788916065215615568e-17,2.782570137926229295e-09,2.028682455915264884e-17,0.000000000000000000e+00,2.318592127235252004e-08,8.661408577498420871e-17,4.464266287836206741e-15,1.651430442385689289e-13,5.160475407687866662e-15,2.632271002844360685e-10,0.000000000000000000e+00,7.980671538173656141e-15,1.067750426911910710e-14,3.991047000535911092e-07,1.499964606276766823e-07,6.348046637921740320e-07,3.153134560565072345e-07,2.350929737878768961e-11,9.777300160029562275e-15,3.312393031145346100e-11,1.212558136313948325e-14,1.373402546842109331e-07,9.121781344521942175e-12,1.477993275652194445e-14,1.573981928780724157e-14,2.777935642940591468e-08,1.189839544838729547e-10,8.924439357567467000e-11,3.744810507098619398e-15,2.038319524494957904e-06,8.230800996829032383e-08,4.491001776611100143e-09,8.852234746099021824e-10,1.719273235408664225e-10,0.000000000000000000e+00,2.540837051959641816e-17,9.171712601477321923e-16,2.581390947113613439e-09,0.000000000000000000e+00,0.000000000000000000e+00,1.579833914594477579e-10,1.039288117130805131e-11,3.623779235242772286e-14,6.581103843199100232e-13,1.429822141657259996e-12
0.000000000000000000e+00,0.000000000000000000e+00,0.000000000000000000e+00,0.000000000000000000e+00,0.000000000000000000e+00,0.000000000000000000e+00,0.000000000000000000e+00,0.000000000000000000e+00,0.000000000000000000e+00,0.000000000000000000e+00,0.000000000000000000e+00,0.000000000000000000e+00,0.000000000000000000e+00,0.000000000000000000e+00,1.198269231311207858e-06,1.462399208091402650e-11,1.475399636040144598e-15,2.501988121620720923e-06,7.112047292589832011e-14,2.348959400159407980e-11,2.055034913199101375e-11,0.000000000000000000e+00,0.000000000000000000e+00,0.000000000000000000e+00,0.000000000000000000e+00,4.557598899604197367e-12,1.896606390484202141e-10,5.546229773771077489e-08,7.473957130156826518e-08,0.000000000000000000e+00,3.832170278443836299e-13,1.291772404382466699e-10,0.000000000000000000e+00,3.776321899188619572e-14,3.484544283740858911e-15,5.091662069197129724e-16,4.009499298761069629e-11,9.977029486754164382e-16,1.081801932305226423e-07,2.844860393305508845e-12,2.300781037723814081e-11,7.314175737582731660e-10,0.000000000000000000e+00,0.000000000000000000e+00,2.661299675720748832e-07,5.237188458385887730e-15,4.612070045038378618e-12,7.944624201312045099e-11,3.958755276682777890e-18,7.558692820508498210e-15,5.314602435104755002e-08,5.718057021314124595e-08,2.679794383364031959e-15,3.929064990326213981e-16,0.000000000000000000e+00,0.000000000000000000e+00,7.533135457378537194e-10,0.000000000000000000e+00,2.496867874896739574e-13,1.235955607671991502e-05,4.998609928015296486e-11,5.036146115949205224e-11,9.999774790151622073e-01,1.918171565185182989e-11,9.360313621340739001e-17,8.906052673669587358e-17,4.504636392660062835e-09,5.554615562727456931e-17,0.000000000000000000e+00,3.654934626803238906e-08,1.951212083940944647e-16,1.092838983780483055e-14,2.552018176102951664e-13,1.249179352862165445e-14,4.261664367535294051e-10,0.000000000000000000e+00,1.288908437019597671e-14,1.722624703541029046e-14,6.011651133851987510e-07,2.381523570422205677e-07,9.439763421451027045e-07,4.967800247750949815e-07,5.412213348492746721e-11,2.366745242415883643e-14,5.431035038665526940e-11,2.974987303460319767e-14,2.128091106443955466e-07,1.374258011660074976e-11,2.226114892044341186e-14,2.342336573212935746e-14,4.184999834269816191e-08,1.791622991716190592e-10,1.329867412422934510e-10,5.580463542270570570e-15,3.127587696773637724e-06,1.271035569791951823e-07,6.913248811596772249e-09,1.354120258514642728e-09,2.648681454918592158e-10,0.000000000000000000e+00,3.786287125854341404e-17,1.407082757213332755e-15,4.060313448248341941e-09,0.000000000000000000e+00,0.000000000000000000e+00,2.452975678202879426e-10,1.547336957981329299e-11,5.699339408515357132e-14,1.016997865892682480e-12,2.209525960037990074e-12
0.000000000000000000e+00,0.000000000000000000e+00,0.000000000000000000e+00,0.000000000000000000e+00,0.000000000000000000e+00,0.000000000000000000e+00,0.000000000000000000e+00,0.000000000000000000e+00,0.000000000000000000e+00,0.000000000000000000e+00,0.000000000000000000e+00,0.000000000000000000e+00,0.000000000000000000e+00,0.000000000000000000e+00,1.859286770523657583e-06,2.520314740170920578e-11,2.329676582399452821e-15,3.889851397769852575e-06,1.134332031363347534e-13,3.713916420879082586e-11,3.276902285992858112e-11,0.000000000000000000e+00,0.000000000000000000e+00,0.000000000000000000e+00,0.000000000000000000e+00,6.895989719543821587e-12,2.972874141057293293e-10,8.372492129026897450e-08,1.258478211372180823e-07,1.590012067342129154e-18,6.897577182757922355e-13,2.397692687653649469e-10,0.000000000000000000e+00,8.027005371144673279e-14,1.078573203628357596e-14,1.675467547071730013e-15,6.256350024548040578e-11,1.516862561656988026e-15,1.732192504278598115e-07,4.523740183641490396e-12,3.713211467123018137e-11,1.109392030122937834e-09,1.811132452476502515e-18,0.000000000000000000e+00,4.295594742971027231e-07,8.196808992425076113e-15,6.943757756468253712e-12,1.239331018937035167e-10,6.738744834716392304e-18,1.358079245533587872e-14,8.447844871182407660e-08,9.428536639614185547e-08,4.260733664508795488e-15,9.750351590178816302e-16,0.000000000000000000e+00,0.000000000000000000e+00,1.209147712557863974e-09,0.000000000000000000e+00,5.871812058453630936e-13,1.874874613265237102e-05,7.360410331554635237e-11,7.296973934676536278e-11,9.999657345340875469e-01,3.041702105566683442e-11,2.120421729900013393e-16,2.017276322960821268e-16,7.272759643459472465e-09,1.520221940806303680e-16,0.000000000000000000e+00,5.702367027931314005e-08,4.190750197112873189e-16,2.607964464050313415e-14,3.879169259533643988e-13,2.937702123258663549e-14,6.884328659136275141e-10,0.000000000000000000e+00,2.067099260658868913e-14,2.756581968196817125e-14,8.850295385243633655e-07,3.739661096576977108e-07,1.367514518720831998e-06,7.725877735620744736e-07,1.191228207836610612e-10,5.565839071240515549e-14,8.920107224443988234e-11,7.129015886265857935e-14,3.246549178370995613e-07,2.023657118349112687e-11,3.276963695077628912e-14,3.396524210653286728e-14,6.162141099654494104e-08,2.636377612568606477e-10,1.931488770334898202e-10,8.105390841166267345e-15,4.709432329909560102e-06,1.930129128436122123e-07,1.045422322747976930e-08,2.030797624735486381e-09,4.009440653351944976e-10,1.402573152551568755e-18,5.499374697554007393e-17,2.118412878331466412e-15,6.316089608333040372e-09,0.000000000000000000e+00,0.000000000000000000e+00,3.752113356182993528e-10,2.244691328630678349e-11,8.864854040205697428e-14,1.545865225190722712e-12,3.358480983604217824e-12
0.000000000000000000e+00,0.000000000000000000e+00,0.000000000000000000e+00,0.000000000000000000e+00,0.000000000000000000e+00,0.000000000000000000e+00,0.000000000000000000e+00,0.000000000000000000e+00,0.000000000000000000e+00,0.000000000000000000e+00,0.000000000000000000e+00,0.000000000000000000e+00,0.000000000000000000e+00,0.000000000000000000e+00,2.843563438354112616e-06,4.382386203959576931e-11,3.647416584074124444e-15,5.964348196176616252e-06,1.799075220583414940e-13,5.823278945678164832e-11,5.195564867383824129e-11,0.000000000000000000e+00,0.000000000000000000e+00,0.000000000000000000e+00,0.000000000000000000e+00,1.023807887106626191e-11,4.607418404442548020e-10,1.239539808685587342e-07,2.112309627081045241e-07,3.199047575337872365e-18,1.239348130963814387e-12,4.505950453449262272e-10,0.000000000000000000e+00,1.613962537182371654e-13,3.057737560965354323e-14,5.104770489267483711e-15,9.638272999405049700e-11,2.262477310653798971e-15,2.756326899097559494e-07,7.109016486370921008e-12,5.966362129020050490e-11,1.649983847203758446e-09,3.478473194655976357e-18,0.000000000000000000e+00,6.894091436300590442e-07,1.271587041958873565e-14,1.023119755641809080e-11,1.914434441493149260e-10,1.153403819488637059e-17,2.463870800822891609e-14,1.326969272933232615e-07,1.554104079280883166e-07,6.694745414949505219e-15,2.370640150525609910e-15,1.312289004249927766e-18,0.000000000000000000e+00,1.929726465177265203e-09,0.000000000000000000e+00,1.334148525110900850e-12,2.789160909170889453e-05,1.057734980116403861e-10,1.029149656829637278e-10,9.999488145753028245e-01,4.677782781985509287e-11,4.606921489888416466e-16,4.382251775962910778e-16,1.167524045485168234e-08,4.118606774482655426e-16,0.000000000000000000e+00,8.783315993292996036e-08,8.558849961352127547e-16,6.033676151621171404e-14,5.784305345647955369e-13,6.674969243778659959e-14,1.106628587327250875e-09,0.000000000000000000e+00,3.277357450270773564e-14,4.355338351283086787e-14,1.271392123827965100e-06,5.783134670645548939e-07,1.928151176204138271e-06,1.181348118160075545e-06,2.492673317177364487e-10,1.264638705342049130e-13,1.464399608764188131e-10,1.660813336635678227e-13,4.863795708477682978e-07,2.907963329535468257e-11,4.707078825303966737e-14,4.794408123314890005e-14,8.853675073402590136e-08,3.785052937387565144e-10,2.731289913300120390e-10,1.146249351131035158e-14,6.939697150432771852e-06,2.874267623708058056e-07,1.548698664434400849e-08,2.977756180661254184e-09,5.946908519351657816e-10,2.014272158390956852e-18,7.777054032480574291e-17,3.121270396668229262e-15,9.690994140718320012e-09,0.000000000000000000e+00,0.000000000000000000e+00,5.639354607805272733e-10,3.169389349954715534e-11,1.360082992828604311e-13,2.305042763444998133e-12,5.007680803919598949e-12
0.000000000000000000e+00,0.000000000000000000e+00,0.000000000000000000e+00,0.000000000000000000e+00,0.000000000000000000e+00,0.000000000000000000e+00,0.000000000000000000e+00,0.000000000000000000e+00,0.000000000000000000e+00,0.000000000000000000e+00,0.000000000000000000e+00,0.000000000000000000e+00,0.000000000000000000e+00,0.000000000000000000e+00,4.276945920382151834e-06,7.653737828352574510e-11,5.659493438864970521e-15,8.999585983726594035e-06,2.833756290396381004e-13,9.048467964037143583e-11,8.180203201841023709e-11,0.000000000000000000e+00,0.000000000000000000e+00,0.000000000000000000e+00,0.000000000000000000e+00,1.490159639542889874e-11,7.046064497027042726e-10,1.798250828724216384e-07,3.511440774984006173e-07,6.109050112864944983e-18,2.203344091129402478e-12,8.488480122255468570e-10,4.539480505078718942e-19,3.072442607189856276e-13,7.935474664733436301e-14,1.433826251752882926e-14,1.462791586284757024e-10,3.305745945758965113e-15,4.346311670910616199e-07,1.099929363373873923e-11,9.515481105339796661e-11,2.402997199370079228e-09,6.608196348388874421e-18,0.000000000000000000e+00,1.096578495682964607e-06,1.956618505326497798e-14,1.473454508612366441e-11,2.929907384872669608e-10,1.978659861544199182e-17,4.474687512356120170e-14,2.051963906692935572e-07,2.550138486845655041e-07,1.035649260436273993e-14,5.622201336900747220e-15,2.960653667789177593e-18,0.000000000000000000e+00,3.053145041277500405e-09,0.000000000000000000e+00,2.917950773035440537e-12,4.063802983895241442e-05,1.483983173053552777e-10,1.414998695580849020e-10,9.999250230434595377e-01,7.002387220775386206e-11,9.581688233851066318e-16,9.113201574093945492e-16,1.857519171671056952e-08,1.093318349673528816e-15,0.000000000000000000e+00,1.332734137197569504e-07,1.665008558767856729e-15,1.347671421505410022e-13,8.448206034057513540e-13,1.459946048568590452e-13,1.764551674208525454e-09,0.000000000000000000e+00,5.118768488684068726e-14,6.771840767967782632e-14,1.782761161885560810e-06,8.777894893695582248e-07,2.649849884485457588e-06,1.771097685487840623e-06,4.950104096042600406e-10,2.765959120364288460e-13,2.397301457230084672e-10,3.748254060565599495e-13,7.144858448688319749e-07,4.079092075790262393e-11,6.599835066724674128e-14,6.597300340843493382e-14,1.241646589776709750e-07,5.303742166704356803e-10,3.765201815380064681e-10,1.580310373254321585e-14,9.994196084920230723e-06,4.190747098809940868e-07,2.244272187339609824e-08,4.264204088325765802e-09,8.629610307492391300e-10,2.823669237341437013e-18,1.072202376007718792e-16,4.494961284499734924e-15,1.463343390472392797e-08,0.000000000000000000e+00,0.000000000000000000e+00,8.314638412116744117e-10,4.361121413063802497e-11,2.053755138464873313e-13,3.366547299028856927e-12,7.313412963253515220e-12
0.000000000000000000e+00,0.000000000000000000e+00,0.000000000000000000e+00,0.000000000000000000e+00,0.000000000000000000e+00,0.000000000000000000e+00,0.000000000000000000e+00,0.000000000000000000e+00,0.000000000000000000e+00,0.000000000000000000e+00,0.000000000000000000e+00,0.000000000000000000e+00,0.000000000000000000e+00,0.000000000000000000e+00,6.317527752806809844e-06,1.336172507516148739e-10,8.709258043514863835e-15,1.334471034599214583e-05,4.429693137310374978e-13,1.393984763445566854e-10,1.278056186113969397e-10,0.000000000000000000e+00,0.000000000000000000e+00,0.000000000000000000e+00,0.000000000000000000e+00,2.127342981321503791e-11,1.061842895616200647e-09,2.557504635334867967e-07,5.751415121968367250e-07,1.112667719502561185e-17,3.852507031626272074e-12,1.588299889835825443e-09,8.248365739313538131e-19,5.562220496041521714e-13,1.896265703160253727e-13,3.718126809837294080e-14,2.183824735182542696e-10,4.730682688744801700e-15,6.773125693530577549e-07,1.671567810516638051e-11,1.501763237185015610e-10,3.426752277863090767e-09,1.231920974189824689e-17,0.000000000000000000e+00,1.723963803367456251e-06,2.992030760230048414e-14,2.074481346493869679e-11,4.450438170887745437e-10,3.394660283825069135e-17,8.070769463445003154e-14,3.116097520959661026e-07,4.148133626291644924e-07,1.573514782590882111e-14,1.296704863459396008e-14,6.458225161379629029e-18,0.000000000000000000e+00,4.775230141545222668e-09,0.000000000000000000e+00,6.134058407233387598e-12,5.798857201506895244e-05,2.036025662998881480e-10,1.902085711871654502e-10,9.998923068511975654e-01,1.023131599167743683e-10,1.909239035061458984e-15,1.815657380196906468e-15,2.920856766634820475e-08,2.820887490845118944e-15,0.000000000000000000e+00,1.989082219705713835e-07,3.099315878640464882e-15,2.899727184004481645e-13,1.208332569037075526e-12,3.069207492002091405e-13,2.783137517725055705e-09,0.000000000000000000e+00,7.861654537772083325e-14,1.034845631502082388e-13,2.444015941565321155e-06,1.305504813052742650e-06,3.559673876032953059e-06,2.600720734989613129e-06,9.346478781270103274e-10,5.814649147370429569e-13,3.907075483591519932e-10,8.178271150334720679e-13,1.028787101639664149e-06,5.594678870336242033e-11,9.047673305042927552e-14,8.874645568428430479e-14,1.702374946639851135e-07,7.265339852782220348e-10,5.073546046793470030e-10,2.129738574544889451e-14,1.406859973807546722e-05,5.980632993035472790e-07,3.181159732535786978e-08,5.966502362209461238e-09,1.224929094257625903e-09,3.870333649609552165e-18,1.444980621943153983e-16,6.328154376190327299e-15,2.171353593136269293e-08,0.000000000000000000e+00,0.000000000000000000e+00,1.201947813605065422e-09,5.864046329605373759e-11,3.047776201997546155e-13,4.814995375570237369e-12,1.045916277636122185e-11
