1.433060243000000082e-09,1.259434687999999979e-09,2.467641471999999992e-10,2.438092469000000105e-10,2.739951589000000041e-10,7.138138093999999453e-11,3.490905899999999850e-11,1.485131713999999885e-11,1.610773767000000021e-11,2.148506426999999994e-11,4.253454636000000148e-10,6.727529571000000398e-12,6.345690467999999885e-12,5.330921838000000306e-12,3.722941735000000060e-13,6.372001410000000199e-13,2.998012297999999943e-13,5.257233061000000004e-13,2.368013487000000135e-12
2.056477795000000037e-08,1.507337610000000115e-08,3.935991951999999857e-09,2.896794462000000192e-09,3.534172856000000157e-09,8.502692022000000126e-10,3.186778633999999799e-10,4.606553634000000203e-10,2.297986866000000083e-10,2.796422334999999903e-10,5.537303061000000284e-11,1.097722756000000076e-11,5.357545834000000138e-11,1.468059642999999886e-11,7.656279642999999623e-11,1.580207799000000083e-11,9.364015134000000453e-11,8.986312277999999685e-10,1.503538744999999915e-12,6.068383349000000388e-11,1.343573117999999945e-11
2.054161175999999891e-07,1.435145006000000079e-07,3.541383438999999734e-08,3.925926600999999797e-08,2.752771420999999979e-08,8.119097202999999776e-09,3.204872767000000019e-09,2.307068782999999951e-09,4.530735289000000180e-09,1.693690598999999960e-11,8.691918831999999747e-10,3.528220833999999873e-12,6.123518300999999778e-10,7.346577221999999576e-10,2.756967229999999906e-10,1.642424035999999978e-10,5.592794292000000258e-10,2.915754657000000032e-09,2.752627723999999925e-11,1.358254110000000047e-09,5.694466901999999913e-11
1.885559746000000089e-06,1.263002311000000039e-06,3.616200864000000059e-07,3.253171536999999917e-07,2.418606874999999758e-07,7.099437401999999678e-08,4.138701525999999920e-08,2.931601327000000069e-08,2.709668157000000094e-08,2.111559380000000150e-08,9.293952771999999347e-09,6.420914850000000211e-09,7.918756130000000815e-09,4.611173305999999787e-09,6.609997679000000398e-09,3.610434373000000177e-09,5.198375468000000401e-09,5.622381928000000003e-09,1.783601281999999924e-09,1.455509046999999944e-09,2.733965564999999807e-09,1.589683409999999924e-09,1.026192334999999907e-09,1.113430165999999902e-09,1.361228553000000050e-09,7.812548780000000017e-10,1.045626287000000073e-11,1.845911407000000018e-11,2.732238127999999919e-10,1.228537754000000065e-09,3.008656986999999926e-10,2.425952896000000207e-09,1.526963103000000059e-09,1.751849966000000049e-10,1.764558318999999972e-09,1.251990721999999924e-09,8.818768665999999515e-11,2.295020729999999906e-11,5.729925553999999729e-11,1.071303871999999999e-10,5.874865540999999514e-10,1.888973760000000146e-09,2.145628558000000138e-12,1.641586178999999922e-11,5.149687936999999918e-10,8.371575168000000473e-10
2.196790392000000171e-06,1.456284247000000068e-06,4.229348538999999997e-07,3.794094167999999934e-07,2.792256821000000211e-07,8.215623740999999571e-08,4.805027348999999814e-08,3.144147958000000110e-08,3.405863900000000151e-08,2.465829160999999999e-08,5.328358872000000013e-09,3.130175120999999958e-09,7.436465220000000280e-09,1.084998663999999959e-08,6.568269167000000306e-09,6.052913331999999972e-09,1.716127007999999976e-09,1.781896717999999999e-09,9.233805793000000082e-09,7.690978333000000503e-09,1.850345215000000010e-09,1.435549397000000054e-09,2.086177304999999810e-09,1.173139443999999905e-09,2.802058005999999989e-09,1.558046332000000092e-09,2.075251039999999974e-10,2.207010793999999993e-09,5.509618225000000050e-11,6.135082552999999683e-10,1.277327104000000058e-09,6.962492739000000490e-10,2.874390002000000027e-10,9.592705911000000340e-11,3.231557817000000031e-10,1.893371121000000121e-10,3.074348480999999860e-12,4.254666039000000151e-09,6.654740917000000359e-11,1.609612729999999947e-09
2.549682073999999898e-06,1.677874366000000037e-06,4.914447964999999941e-07,4.417821022000000209e-07,3.218791596999999797e-07,9.496450739999999553e-08,5.575433690000000068e-08,3.667987217000000266e-08,3.975287618999999744e-08,2.863877755000000028e-08,1.270545346999999974e-08,7.656973722000000201e-09,1.070252555000000009e-08,2.111562750999999884e-09,2.587248459999999896e-09,1.800894190000000025e-09,6.147231560999999735e-09,7.031342290999999637e-09,8.915784252000000410e-09,1.831190635999999939e-09,3.617689244999999992e-09,1.136401865000000062e-09,8.566556508000000324e-09,3.249640544000000065e-09,4.872566059999999672e-09,3.549817467000000018e-10,2.515976023999999947e-11,4.090311734999999780e-10,8.045662722999999647e-10,2.436104562999999972e-09,3.989459998000000006e-10,2.075690581000000142e-09,3.431862080000000272e-11,2.199738981000000021e-11,1.508660984999999983e-09,2.870603778000000196e-10,7.195713192000000406e-10,1.603651367000000112e-10,1.044065646999999917e-09,2.050487242000000121e-10,1.356932234999999913e-09,1.491345224999999899e-10,4.350484402999999877e-12,1.939139159999999966e-09,7.007468608999999653e-10
2.975151336999999883e-06,1.927295018000000092e-06,5.706225636999999821e-07,5.123445586000000342e-07,3.725117806000000135e-07,1.089731284999999954e-07,6.479604567000000182e-08,4.649849583000000092e-08,4.273360601000000233e-08,1.486900477999999921e-08,3.332078709000000283e-08,8.893466084999999723e-09,8.201538141999999241e-09,1.033855057000000030e-08,1.239050201999999966e-08,9.919013370000000801e-09,1.522891944999999980e-09,7.061643787000000127e-09,5.681958679999999591e-09,4.149962793999999592e-09,2.989216712000000059e-09,2.128513158999999994e-09,2.302721519000000093e-09,2.413032144000000090e-09,1.974623588999999869e-09,3.718749842999999947e-09,1.904350368999999994e-09,2.419871700000000169e-10,1.261555060000000053e-09,2.858665025000000083e-09,2.835879664000000150e-11,2.468554085000000021e-09,7.684936671999999719e-11,1.730118245999999898e-09,6.688592835000000075e-10,1.318095661000000128e-10,5.267626283999999909e-11,1.335707632999999953e-09,7.692851822000000302e-10,1.207614047999999886e-10,2.365891458999999826e-10,2.910883975000000215e-10,1.681577538000000063e-10,5.680090181000000197e-12,8.811721608000000511e-10,5.720926229999999556e-10,8.140683146999999994e-10
3.446167157999999803e-06,2.221615768999999962e-06,6.634647304000000254e-07,5.974249393000000462e-07,4.271144567999999956e-07,1.256830263000000013e-07,7.485834032000000495e-08,5.379068453000000322e-08,4.953760448000000159e-08,3.851942191999999919e-08,1.439272555999999944e-08,1.142261064999999991e-08,1.028190256000000006e-08,1.195944404000000002e-08,4.898120138000000364e-09,9.516034916999999412e-09,1.734871256000000039e-08,6.620094375999999928e-09,1.437331328000000083e-09,2.797314975000000067e-09,1.766982913000000003e-09,2.593680382000000008e-09,8.162365888999999751e-09,3.320293832999999847e-09,2.510228072000000102e-09,2.291211082999999873e-09,9.265195818000000330e-10,2.019926292999999919e-09,4.283682168999999630e-09,9.841381374999998976e-10,2.188796574000000134e-09,3.191523644000000120e-10,1.603817919000000046e-09,3.444936504999999937e-09,2.734118959999999984e-10,3.354439056000000126e-10,6.589036624999999468e-11,1.084082984000000061e-09,5.399909048000000452e-10,2.845972513000000096e-09,1.430745338000000032e-10,5.103006923999999843e-10,5.939507881999999846e-10,2.755785112999999903e-11,3.430792004999999935e-10,1.344441322999999878e-10,2.212249944000000006e-10
3.995596395000000070e-06,2.552395264000000090e-06,7.669846066000000057e-07,6.906464957999999587e-07,4.898169534000000195e-07,1.443471794000000096e-07,8.690350655999999408e-08,6.245399572999999940e-08,4.486224355000000233e-08,5.735808464999999786e-08,2.036358814000000163e-08,1.665469968000000146e-08,1.104057662999999961e-08,1.378003277999999918e-08,1.306359208999999956e-08,5.607442888999999929e-09,4.901918539999999664e-09,1.196236330999999969e-08,3.250363109999999929e-09,7.676721637999999498e-09,9.345363694999999686e-09,2.335992690000000108e-09,1.672096229000000061e-09,2.077265340999999867e-09,3.081015905000000035e-09,3.895577148000000348e-09,4.037552781999999841e-09,3.260732736000000203e-09,1.147594025000000005e-09,3.172262670999999804e-10,1.805468030000000087e-09,2.505958515000000001e-09,3.981351671000000256e-10,2.109523227000000055e-10,2.051872404999999914e-11,1.088384185000000051e-09,2.397826354000000137e-10,2.561366349000000126e-11,2.299839434000000116e-10,1.329421371000000044e-10,1.254923151999999901e-09,4.471405788000000044e-10,1.791843113000000123e-10,3.170164653000000059e-12,5.949815875999999698e-10,1.739989997000000075e-10,5.548013243999999886e-10,3.120039071999999890e-10,1.766248648000000074e-09,8.945060105000000285e-10,6.891035686000000281e-10,2.309135978999999934e-10,1.187454661000000093e-09
4.602741864000000237e-06,2.909913103000000074e-06,8.872308401999999513e-07,8.006622599000000479e-07,5.591348639000000512e-07,1.644784372000000125e-07,1.000095030999999990e-07,6.674943882999999978e-08,7.220864254000000113e-08,5.177333052000000059e-08,2.371414596000000066e-08,1.598836555999999870e-08,6.485021202999999597e-09,1.285900833000000004e-08,8.893231201000000023e-09,1.923505678999999993e-08,1.068542821999999991e-08,1.388509663000000045e-08,3.533100554000000080e-09,5.616706148000000268e-09,3.741891926999999868e-09,1.494657380000000122e-08,2.715048614000000037e-09,8.013098700000000380e-10,6.434538792999999599e-10,1.032124557999999903e-09,6.326506365000000355e-10,1.442746441000000014e-09,1.957838236000000179e-09,4.562498919999999648e-09,2.880304450999999986e-09,7.206561643000000081e-10,2.393786077000000146e-09,1.857004728999999930e-09,3.670447228999999895e-10,4.414007148000000076e-10,2.669574961000000133e-10,4.240713671000000192e-10,7.295120981999999734e-11,3.391197441999999890e-10,1.933250958999999959e-10,1.093381434999999984e-10,4.705062853999999731e-09,1.238300998999999916e-09,2.683865892000000247e-10,3.075253296999999885e-09,4.228595091999999889e-10,2.342780974999999949e-10,3.628360322000000142e-10,5.115850621999999616e-10,7.657310485999999414e-11,2.181779359999999876e-10,5.760821289999999715e-10,1.543319524000000011e-10,3.916600798999999795e-10
5.344194887000000204e-06,3.331919030000000022e-06,1.027647365999999995e-06,9.256690551000000378e-07,6.411689251000000032e-07,1.886014810000000069e-07,1.157416710000000027e-07,8.294905562000000465e-08,7.729199146000000442e-08,5.996499056000000223e-08,2.777284518000000055e-08,1.838710413999999892e-08,1.718329130999999913e-08,1.605458407000000076e-08,2.221914200999999908e-08,7.320156170000000186e-09,1.020026645999999992e-08,1.217994422000000063e-08,5.328871570000000194e-09,1.481621310000000022e-08,6.384750863000000041e-09,4.029110567999999921e-09,5.402716295000000279e-09,2.269472268999999852e-09,2.700286376999999958e-09,3.798429200999999980e-09,1.573035062999999926e-09,3.148832738999999827e-09,1.570021158999999975e-09,4.303852555000000092e-09,9.180093736999999760e-10,4.773314071999999540e-10,1.441259340000000001e-09,4.388799733000000261e-09,5.209900443999999631e-10,3.554151754999999830e-09,6.078896415999999552e-10,2.419935930999999824e-09,1.189579024000000099e-09,3.076758518000000086e-12,3.947927504000000248e-10,6.971351405999999503e-11,8.260241720999999958e-10,5.953053005999999889e-12,3.076854447000000225e-10,1.682402958999999906e-09,6.988677079000000269e-12,4.184764952000000048e-10,1.650788947000000090e-09,8.305382655000000056e-10,5.194600050000000048e-11,3.051483025999999969e-10,1.034389435999999992e-09,1.020655895999999997e-11,3.127547471999999802e-10,2.333982002000000046e-10,7.807856599999999497e-10,1.061378185999999958e-10,5.548839810000000436e-10,2.167713161000000116e-10,4.142793244999999976e-11,6.709326091000000135e-10,3.007978577000000245e-10,6.305074647000000025e-11,6.661647986000000010e-10
6.207738118000000293e-06,3.800814911000000085e-06,1.188661434000000018e-06,1.066470034999999909e-06,7.236720281999999560e-07,2.137136889999999873e-07,1.329487930999999935e-07,9.634442856000000062e-08,8.936817195000000098e-08,6.920356054999999358e-08,3.236310671000000078e-08,2.107610578000000056e-08,2.559356145000000074e-08,1.844657059000000027e-08,1.387122348999999921e-08,8.536607862000000643e-09,1.942087426999999913e-08,1.718467795000000043e-08,6.233170430999999680e-09,4.613916349999999795e-09,4.104091991999999899e-09,7.331018499999999710e-09,3.752392943999999740e-09,3.625400034000000019e-09,1.185277059999999999e-08,2.611304750000000138e-09,9.722427359999999715e-10,7.017731117999999646e-10,7.746735231000000066e-10,5.071551219000000247e-09,2.687782623999999858e-09,8.251259757000000242e-10,3.089146815999999949e-09,1.836183953000000013e-09,6.657393744000000200e-10,6.337857088000000047e-09,4.991111503000000247e-09,4.835484197000000410e-10,1.065288651999999971e-10,5.544757228999999779e-11,3.102969214000000038e-11,3.521992503000000060e-10,1.363573405999999991e-09,2.047255191999999986e-10,2.835761890999999922e-10,1.047355465000000028e-10,3.279420881999999910e-10,1.913099420999999986e-09,3.665169602999999979e-10,4.454469349000000289e-09,8.441998342999999883e-10,9.038023246000000006e-10,3.770721780000000131e-11,2.201825048999999912e-10,1.073508106999999971e-09,8.762851389999999977e-10,1.281349259999999884e-10,1.222909677999999950e-10,1.669988138999999981e-09,5.862013947000000093e-10,1.606076608999999949e-09,7.306240911000000058e-10
7.157882139999999699e-06,4.293016460999999699e-06,1.368724956000000021e-06,1.232524168999999957e-06,8.242721420000000493e-07,2.430581923000000249e-07,1.533701588000000072e-07,1.117520310000000003e-07,1.032088949000000025e-07,7.969065809999999395e-08,2.942658204000000116e-08,3.779902862000000203e-08,2.144587856000000060e-08,2.203947441999999838e-08,9.641410603999999240e-09,2.423417893999999896e-08,4.196579001000000242e-09,1.367234276000000067e-08,5.305881390000000075e-09,7.271732645999999910e-09,7.093174870000000210e-09,5.706049407000000190e-09,1.574632382999999935e-08,5.863480423999999677e-09,3.009267881999999841e-09,1.986656960000000027e-08,5.157941114999999772e-09,5.482747827999999665e-10,3.466481976000000165e-09,4.253478809000000214e-09,3.437943132999999936e-09,6.575537643999999825e-10,8.291032443999999947e-09,1.078924029999999995e-09,3.111010966000000201e-09,7.115147347999999872e-10,1.073316350999999990e-09,1.942838472000000186e-09,1.854737103000000089e-09,1.201604208000000120e-10,6.297726736000000314e-10,3.874000039000000067e-11,1.172309850000000115e-10,1.357959793000000063e-09,2.150281508999999901e-09,5.702058376000000282e-12,3.603141139000000202e-10,2.182844767999999942e-09,9.870916381999999961e-10,3.194682877999999822e-12,5.209551817999999813e-12,1.014599989999999947e-09,8.849567821999999971e-10,1.144203412999999962e-09,3.726289105999999949e-10,4.740182681999999894e-09,1.454309132999999897e-10,7.602533391999999485e-10,3.757730508000000018e-11,4.158448295000000208e-10,1.292574425000000081e-10,5.374184262000000194e-10,4.270941841999999746e-10,3.198531959000000121e-10
8.199220522000000744e-06,4.855238005000000232e-06,1.575243748000000059e-06,1.420622975000000017e-06,9.344034375000000313e-07,2.760520313999999761e-07,1.756906319999999966e-07,1.286652521000000036e-07,1.196655751999999913e-07,9.177057027999999901e-08,4.411938449999999803e-08,2.463511563999999838e-08,2.766252956999999872e-08,2.286456283000000070e-08,2.490374616999999985e-08,1.109278460999999947e-08,1.785310508000000020e-08,3.373990610999999939e-08,1.578135107999999892e-08,8.343228101999999222e-09,5.923387571999999766e-09,4.811356127000000117e-09,8.466960687999999560e-09,9.422263951000000674e-09,4.780292697999999985e-09,6.124634600999999728e-09,3.496650523000000197e-09,6.768975582999999708e-09,3.933309465000000343e-09,1.424911623999999949e-09,4.328512155000000167e-10,2.254516652999999986e-09,2.081199761000000124e-09,5.457106483999999793e-09,3.510829471000000025e-09,1.606701170000000088e-09,2.337423831000000025e-09,2.497267881999999954e-09,1.482755744999999922e-09,1.192906688000000021e-09,1.915304825999999819e-09,1.523066882999999933e-10,4.336957172999999921e-10,1.318966644999999888e-10,1.221588213000000040e-09,7.153567959000000330e-12,3.010954234999999974e-10,7.079331082000000607e-11,4.373676196000000195e-10,7.286482666999999710e-10,2.901825994000000205e-10,1.423854309000000077e-10,6.876989600000000337e-11,1.944541761000000015e-10,1.238270673000000026e-09,9.226296435000000018e-10,4.796906137000000279e-10,2.493707957000000044e-09,1.171835207000000092e-10,8.315785999999999762e-13,6.356569984999999935e-09,3.356669033000000211e-10,6.945501350000000279e-10,6.060748734000000092e-10,8.607969935000000023e-10,6.708121230000000508e-10
9.411375066000000192e-06,5.473520528999999596e-06,1.810445232999999929e-06,1.635426050999999996e-06,1.053017324999999973e-06,3.100473829000000147e-07,2.017671499000000025e-07,1.369742299000000116e-07,1.470411860000000126e-07,1.058884758999999995e-07,5.126392059000000131e-08,3.863273268000000205e-08,2.826243466999999865e-08,1.264415379000000015e-08,2.626424214999999973e-08,2.841877820000000001e-08,3.158181181999999709e-08,1.800651294000000161e-08,1.057929651999999986e-08,2.009884114000000016e-08,6.798092489999999763e-09,5.519346634000000238e-09,4.076148322999999821e-09,9.859060909000000049e-09,9.531456331000000639e-09,4.486876311000000171e-09,7.251308700999999999e-09,2.415002332999999903e-09,3.983130277000000051e-09,6.823329946999999796e-09,7.820629951999999983e-09,1.586808160000000099e-09,8.205653764999999804e-10,2.039673564999999905e-09,7.793933563999999694e-10,5.443538326999999766e-09,1.348550934000000047e-09,2.932662894999999851e-09,8.965651046000000102e-10,5.523247806000000120e-10,5.053003454000000274e-10,2.628214503000000192e-09,6.302274354999999644e-09,6.894322505999999656e-10,7.896388239999999672e-10,1.314316308000000083e-09,1.075607547999999924e-09,2.535652366999999901e-10,8.492312493000000177e-10,1.571215848999999902e-10,7.039043493999999521e-10,2.630155098000000253e-10,9.467250398999999933e-10,5.675600754000000073e-12,9.278041525000000391e-12,1.843985406000000006e-09,2.626133890000000070e-09,2.279306850000000093e-10,2.027107810999999989e-11,3.184976888000000217e-10,2.870538949000000157e-11,5.719621423000000298e-12,4.175424467000000068e-10,1.414246486000000054e-09,3.161022460999999743e-10,9.732259934999999870e-10,7.250742863000000446e-11,1.977476169000000036e-09,5.117207210000000137e-10,9.382109438999998989e-10
1.083183908000000051e-05,6.156678630999999948e-06,2.077718229999999878e-06,1.879568860000000088e-06,1.179697085000000023e-06,3.493060352000000025e-07,2.304265276999999993e-07,1.687583062999999915e-07,1.577736951999999894e-07,1.208112138000000010e-07,5.993952415999999726e-08,4.411023392999999723e-08,3.238562034999999689e-08,3.181874629000000059e-08,1.382459018000000011e-08,2.076963951999999894e-08,3.602375170999999895e-08,3.029429779999999880e-08,8.958607598999999854e-09,1.097016245999999947e-08,2.255737683999999845e-08,1.148748491999999929e-08,7.239406125000000342e-09,4.932758091999999683e-09,7.930859196999999350e-09,8.295582782000000284e-09,1.195458986000000079e-08,3.245906768000000008e-09,6.413903065999999998e-09,4.652562499999999876e-09,6.123057355999999790e-09,9.775602608000000815e-10,4.492003452000000362e-09,3.386830445000000202e-09,2.680433821999999962e-09,1.086879476000000058e-09,2.040921351999999922e-09,2.506297936000000070e-09,6.461100574000000191e-10,1.588681011000000035e-09,1.198685549000000008e-09,8.011976377999999991e-09,1.539137384999999954e-09,8.066032693999999666e-10,3.061341829000000039e-09,8.888077252999999550e-10,1.198532839000000090e-09,3.031025975000000088e-10,3.086265238000000142e-10,2.559409417000000141e-11,9.308140592999999638e-10,1.551065002999999940e-10,1.246058160999999952e-10,2.087297181000000014e-09,1.624382766000000089e-09,5.847198607999999953e-10,2.251326653999999963e-10,7.205965688000000080e-11,4.855352862999999942e-10,1.507550471999999942e-09,4.840115337000000332e-10,1.152955401000000045e-09,1.563705822000000052e-10,6.116248196000000327e-10,1.077604835000000012e-09,1.922206480999999860e-11,3.626259535000000252e-10,1.880863302999999904e-09
1.233984921000000042e-05,6.939064921000000314e-06,2.378698635999999908e-06,2.141380258000000117e-06,1.324898948000000007e-06,3.913728491999999916e-07,2.627333678999999908e-07,1.813007769000000066e-07,1.930997837999999959e-07,1.388075434999999930e-07,6.989114975000000088e-08,5.017055324000000224e-08,4.085632893999999868e-08,3.590670701999999745e-08,3.709461567999999757e-08,2.531780720999999839e-08,3.475207510999999972e-08,1.615607068999999876e-08,1.341851671000000054e-08,9.060841593000000614e-09,2.374424873000000011e-08,1.278498084999999969e-08,1.030263380000000041e-08,1.346538355000000080e-08,7.407724615999999858e-09,8.245387897999999652e-09,5.308492651000000309e-09,2.638645390999999861e-09,1.745510254999999899e-09,5.602180913000000349e-09,9.447681771999999902e-09,9.135079543999999225e-09,3.060137475000000169e-09,3.242571703000000061e-09,3.329526923000000147e-09,6.843436675000000281e-09,3.972003008999999750e-09,3.553363994000000194e-09,3.691802182000000094e-09,1.014571158000000053e-09,5.294300276999999774e-09,1.026504811999999931e-09,1.077664015999999918e-09,1.217164624000000046e-09,8.636382243999999729e-10,1.436455486999999956e-09,1.536364461000000017e-09,2.148801357999999829e-09,4.999388870999999500e-10,2.500942688999999891e-09,1.744837019999999903e-09,2.419868120000000144e-09,9.067959917999999535e-10,1.074561857999999983e-09,1.418515629000000007e-10,6.792790162999999579e-10,1.415511642999999952e-10,1.436891678999999981e-11,1.593670815999999968e-11,7.133707263999999939e-10,3.478810157999999902e-10,1.952303123000000098e-10,6.654472243000000166e-10,1.795474200000000103e-09,6.235748903999999521e-10,1.860841470999999984e-10,8.357985573000000156e-10,1.196078308999999994e-11,1.481373363000000085e-10,2.568231828999999867e-09,1.950583223999999828e-12,7.616367798000000599e-12,4.112325173999999972e-10,1.018058476000000023e-10,1.235216973999999921e-09,3.273312816000000117e-10,1.259309680000000071e-12,4.655744046999999880e-11,2.238968862000000026e-11,9.054121172999999567e-11
1.418678019999999960e-05,7.714378123000000572e-06,2.716766848999999893e-06,2.454543692000000060e-06,1.485402762999999964e-06,4.341142460999999796e-07,2.988697025999999768e-07,2.215132314999999990e-07,2.079617463000000098e-07,1.578383818000000062e-07,8.137616839999999435e-08,5.747552891999999803e-08,4.631293035999999751e-08,3.989706657000000006e-08,2.807529077999999866e-08,1.812780268000000056e-08,4.237888652000000006e-08,3.974527388999999768e-08,2.718512448000000021e-08,8.373679425000000207e-09,1.500743558999999838e-08,1.003480895999999951e-08,1.552631028000000116e-08,1.183480635999999991e-08,6.227377442000000119e-09,1.454819305000000013e-08,9.430197818000000294e-09,1.051022979000000011e-08,1.040631001000000006e-08,3.483669149999999963e-09,6.091267853000000380e-09,4.189355722000000357e-09,4.121166577000000186e-09,5.916194895000000008e-09,1.753802206999999970e-09,1.978477501000000155e-09,7.601159581999999918e-09,3.716785270000000171e-09,2.994424857999999933e-09,2.743043227999999895e-09,1.882597780000000132e-09,1.681779898000000039e-09,4.639340320000000007e-09,1.609709198000000084e-09,1.187481844000000023e-09,1.065743494000000099e-09,5.980602295999999522e-10,1.186897302999999955e-10,3.252557408000000143e-09,1.846760515000000061e-09,2.015911083999999949e-09,2.070737008999999793e-09,1.375943991999999985e-09,5.765028277999999583e-10,3.427256392999999759e-11,2.073945519000000013e-11,7.901391833000000274e-11,8.961359599999999623e-11,2.309514632000000058e-10,1.181833933000000007e-09,3.914508868999999945e-10,1.911498355000000082e-09,4.005382224000000019e-10,1.789985126000000031e-10,3.499193700999999871e-10,8.331525946000000049e-10,1.030059548000000032e-09,2.239169902999999984e-10,7.941314783999999506e-10,1.807769766999999979e-10,1.132104741999999958e-09,9.636905618000000423e-10,7.630925376000000157e-10,1.083315341999999948e-09,4.122968053000000117e-09,2.441978682000000083e-09,8.036032980000000258e-10
1.618757606000000064e-05,8.539681878999999756e-06,3.107546330000000031e-06,2.797982797999999792e-06,1.646658782999999929e-06,4.867810301999999895e-07,3.396198238999999949e-07,2.522445276000000213e-07,2.369515166000000046e-07,1.813267402999999881e-07,9.402947759999999453e-08,6.525727155000000297e-08,4.835652942000000269e-08,4.559212232000000282e-08,5.237944515000000083e-08,2.074355077000000155e-08,4.450695643000000325e-08,3.133604384999999841e-08,3.113509664000000090e-08,1.205618833000000053e-08,9.620102227999999814e-09,1.203856543999999925e-08,1.806956477000000140e-08,6.950928131000000406e-09,1.636276208000000126e-08,7.092089821000000238e-09,1.146104746999999994e-08,5.345339598999999795e-09,3.960963288999999761e-09,8.531944004999999340e-09,6.866240661999999992e-09,1.351015608000000033e-08,1.664979533999999882e-08,1.077289242999999987e-08,4.734858035000000371e-09,4.214274105000000157e-09,2.302077219999999998e-09,2.242755675999999823e-09,2.354937750999999987e-09,1.837261340000000098e-09,2.326120313000000202e-09,4.796428011000000332e-09,1.136065866000000017e-09,2.303418669999999962e-09,4.114364978000000221e-09,7.823830815999999602e-10,1.356066359000000026e-09,1.042539444000000041e-10,3.390484702000000205e-09,7.368117766999999946e-10,3.010249657999999864e-09,6.613666547999999815e-10,1.402665537999999972e-09,1.009092673999999956e-09,1.354444074000000042e-09,2.774704051000000141e-09,4.840859379000000160e-10,1.397792351999999924e-11,3.863579745000000012e-10,3.878485211000000125e-10,6.553588709999999743e-10,2.576979600000000108e-10,1.345050172999999988e-09,9.394584736999999614e-10,2.695995133999999953e-11,4.568952094999999847e-10,1.175444883999999951e-11,3.125552841999999949e-09,1.796138355000000079e-10,1.497105378999999899e-11,5.466122588999999953e-10,9.694606944999998990e-10,4.167828818999999939e-10,2.316677920999999886e-10,1.214621190999999959e-09,9.009182743999999948e-12,2.120467195999999875e-10,9.933632177000000013e-11,4.742859100000000021e-10,8.513659557999999752e-10,3.503793035999999819e-11,4.248279166999999847e-11,6.367206421000000309e-10,5.288559759999999743e-10,4.419779233000000081e-11,1.120249275999999992e-11,2.622119330999999964e-12,2.311903744999999879e-09,4.430180534999999900e-10,3.923897104000000153e-10,2.373944150999999997e-10,2.258475989999999912e-10,5.270884816000000092e-09,2.924673607999999749e-10,1.526009766000000019e-09
1.835397659000000164e-05,9.456134252000000136e-06,3.520039657999999831e-06,3.190114858000000069e-06,1.817808778000000064e-06,5.405930896999999728e-07,3.846742505999999979e-07,2.870368011999999876e-07,2.717412825999999854e-07,2.054987898999999903e-07,1.092087693999999980e-07,7.389414772999999677e-08,5.205914981999999763e-08,2.282212983000000034e-08,5.489782617999999750e-08,3.467008655999999725e-08,5.917577327000000098e-08,4.920756530000000170e-08,1.298142178999999953e-08,2.098571029999999876e-08,3.542391388999999928e-08,1.867570625000000110e-08,1.095155974000000067e-08,1.334444678000000072e-08,7.801758292000000489e-09,1.850595574000000053e-08,7.821981611999999726e-09,1.547247554999999973e-08,1.227122669000000079e-08,4.315494244999999734e-09,1.364347137000000035e-08,6.222695954000000162e-09,9.472957963000000801e-09,4.584250999999999662e-09,2.932284285999999831e-09,7.486856270000000479e-09,1.511385504000000082e-09,7.450754749999999799e-10,1.770737270000000069e-09,5.181708677000000380e-10,2.102415389999999796e-09,1.196880587000000016e-09,5.337345606999999621e-09,2.439333069999999916e-09,2.601544247999999912e-09,6.720592429000000286e-11,1.386387942000000021e-09,1.146615831000000099e-09,1.062875143000000050e-09,1.312324376999999908e-09,2.558068529999999901e-09,3.573368316999999965e-09,1.114734477000000004e-09,3.826082466999999684e-09,5.521401330000000320e-09,1.066080282999999941e-09,5.085078767999999993e-10,2.134951351000000119e-10,2.081538306000000178e-09,2.288686304999999860e-09,1.053741867000000035e-11,2.375340198999999838e-11,1.580266003000000013e-10,1.850626928999999925e-10,7.507733538999999578e-10,4.887818809999999850e-10,9.309212458000000426e-11,4.687642169999999902e-10,5.359458570999999976e-11,2.177270450999999977e-11,2.945620654999999824e-10,2.851980458000000106e-10,1.072859316000000024e-10,1.027530035999999993e-11,7.459253466000000243e-10,8.249426178999999603e-11,2.637569801000000108e-09,1.272988522000000080e-09,6.656907009999999626e-09,7.925893029999999918e-11,5.014631993999999981e-11,5.141929687000000287e-09,6.824722382000000285e-11,2.964568833000000230e-10,6.115147139000000264e-10,2.383971313000000068e-10,2.847389676000000074e-09,5.441535974000000438e-10,6.156255913000000217e-10,3.247854263999999936e-10,1.490564052999999950e-09,4.468869904000000147e-10,5.434533628999999942e-10,1.692634209999999963e-10,9.442773450000000329e-10
2.088578659000000069e-05,1.043552461000000041e-05,4.006179674999999930e-06,3.627519031000000105e-06,2.020144946000000137e-06,5.962139435999999963e-07,4.339940333999999825e-07,3.258485889999999865e-07,3.094231272999999999e-07,2.336690387999999920e-07,1.271468003999999896e-07,8.357449468999999685e-08,6.662527890000000059e-08,2.559083145999999887e-08,5.464623615000000010e-08,5.932433103999999803e-08,6.243113550000000018e-08,4.028577379000000008e-08,3.854516264000000028e-08,2.424739788999999995e-08,1.461264202999999944e-08,1.240259785000000031e-08,1.568034474000000049e-08,1.764869042000000165e-08,9.244775354000000354e-09,2.039099122999999877e-08,8.710080484000000020e-09,4.876658595000000039e-09,1.391782475000000050e-08,8.577764019999999669e-09,2.109197886000000008e-08,1.498098632000000055e-08,4.937108571000000318e-09,7.229054598999999633e-09,3.606166673000000055e-09,2.370170639999999847e-09,1.041708452999999989e-08,2.955721549999999878e-09,6.037568509999999636e-09,6.333695485999999948e-09,3.439246441999999834e-09,8.250040626999999855e-09,3.654698627999999807e-09,1.421325939000000058e-09,4.306814314000000088e-09,1.134432078999999997e-09,1.768453864000000037e-09,1.324374578000000094e-09,8.372032034000000219e-10,1.796624270999999986e-10,7.109459687000000006e-10,6.746631432999999887e-10,1.757904648999999885e-10,7.018166720000000042e-10,7.499501756999999745e-10,2.875659361999999902e-09,2.152657446000000129e-09,1.571932860000000094e-09,8.976363945000000109e-10,4.086992870000000344e-09,2.085530857000000006e-09,1.270630955000000000e-09,1.697170791000000068e-11,1.060510368999999991e-10,6.989173029999999765e-12,4.850502821999999575e-10,1.706636704999999914e-09,1.229424263999999959e-10,4.469442575999999988e-11,1.648674662000000124e-11,4.553607065999999830e-12,4.236682187000000284e-15,2.964805000999999818e-10,2.299143571000000112e-09,1.711629288000000067e-09,3.588096613000000077e-10,5.690847288000000294e-10,3.513945334999999846e-10,4.716970732000000136e-10,9.384182206000000928e-10,2.657047631999999813e-10,6.415022876999999603e-09,2.231440977999999982e-10,1.445229652999999904e-09,1.543935340999999910e-10,6.433577445000000279e-11,2.002948335000000152e-11,7.663785742000000307e-11,2.804780242000000030e-09,2.822333836000000082e-09,8.415152206000000191e-10,5.852984636999999994e-11,1.377381783999999896e-10,1.042169660000000068e-09,1.140894548999999959e-10,2.274936606999999965e-09,2.459567464999999892e-10,6.989106841999999944e-10,4.467984294000000281e-11,1.015264631000000009e-10,2.595437947000000020e-09
2.364282664999999993e-05,1.160645393000000013e-05,4.538987161000000410e-06,4.124099291000000112e-06,2.224432513999999823e-06,6.589368746000000092e-07,4.911931937999999954e-07,3.519203255999999754e-07,3.709487909999999783e-07,2.652636740000000207e-07,1.463432741000000118e-07,9.439178454999999910e-08,6.733097058999999827e-08,7.494622066000000472e-08,6.027830255999999339e-08,4.543377309000000234e-08,2.839825448999999915e-08,7.143197172999999446e-08,4.239836867000000242e-08,1.623123394000000101e-08,2.257659209000000010e-08,1.410833313999999933e-08,2.810308090000000122e-08,2.422216399999999945e-08,1.772150922000000019e-08,1.659569396999999907e-08,5.715734508999999954e-09,2.010538584999999846e-08,1.028514409000000055e-08,1.028477368999999994e-08,1.150271457999999918e-08,1.581109623999999868e-08,6.810388386999999713e-09,9.665922999000000449e-09,5.456133639999999937e-09,8.345011541999999624e-09,9.792859594999999573e-09,8.056502248000000050e-10,3.143372809999999978e-09,1.886869578000000022e-09,4.076268768000000248e-09,7.822024638999999264e-09,3.233057077999999929e-09,7.386719368000000314e-09,1.795579822999999974e-09,2.839731966000000191e-09,3.438285535000000194e-09,9.246915968999999635e-10,1.810787494000000075e-09,4.597506779000000167e-09,4.501403542000000131e-09,1.990366470999999958e-09,1.458061996000000070e-09,2.210581811999999915e-09,1.593191465999999909e-09,2.919045201000000032e-09,2.321719211000000117e-10,2.353390614000000085e-09,3.100552654999999843e-10,4.123979301000000403e-09,3.212546804000000027e-10,6.281994888999999855e-10,1.807443528000000036e-09,4.825162747999999661e-09,1.980630655000000141e-09,5.923785602000000419e-10,1.077927906000000039e-09,2.823845911999999991e-09,4.248827376999999978e-10,3.468814239999999902e-10,3.528643122000000079e-12,3.321200657999999920e-10,3.590160863999999685e-11,1.354299003000000095e-09,2.690494251000000141e-09,6.697978874999999857e-12,2.806348977000000044e-11,4.638693120000000002e-11,6.778815582000000426e-10,1.939756685000000153e-11,1.292820196999999914e-09,1.898155193999999889e-10,4.637746395000000205e-12,2.887083164000000014e-10,5.029262925999999879e-11,3.463225733000000082e-10,1.008795565000000066e-09,2.187747180999999977e-14,3.124985940999999827e-09,6.489902410000000546e-11,6.311042341999999405e-11,1.524061834000000072e-09,7.097484202000000169e-10,1.478665113999999917e-11,2.536697347000000194e-10,3.111672790999999931e-10,5.313923402000000001e-11,1.819624350000000010e-10,2.752044212000000160e-11,5.635081580000000363e-10,1.417567404000000075e-09,5.474385258000000459e-10,2.781331587000000173e-10,1.448232967000000036e-09,3.022711048000000241e-10,2.069440784999999920e-09,9.239690441000000422e-10,1.057767216000000004e-09,4.141133144999999895e-10,5.316615999999999955e-10,2.638638956000000004e-11,8.690988531999999738e-10,1.150725287000000094e-09
2.672733788000000008e-05,1.270625172000000084e-05,5.134474493999999730e-06,4.656165307000000032e-06,2.445093049000000194e-06,7.230644082000000097e-07,5.535858666999999473e-07,4.199542065999999795e-07,3.981592334999999855e-07,2.997618650000000209e-07,1.693797841000000043e-07,1.059113991999999961e-07,8.409705266999999602e-08,7.976478446000000630e-08,7.641662459999999809e-08,3.100307943999999794e-08,6.625014915000000468e-08,4.639489639000000142e-08,5.146084532000000168e-08,2.709342720999999851e-08,1.794958644999999995e-08,3.249412167999999743e-08,1.598749668000000098e-08,1.795185059000000139e-08,2.280884570000000140e-08,2.028468001000000139e-08,1.062975066000000048e-08,1.265312958999999933e-08,9.686933088999999519e-09,2.471989918000000029e-08,1.164646972999999922e-08,1.804769718000000030e-08,9.683524530999999520e-09,3.482517079999999902e-09,1.073182840999999948e-08,8.557622877000000042e-09,1.273273547999999932e-08,2.660400738999999875e-09,6.127273862999999938e-09,7.603980111000000059e-09,5.218522164999999912e-09,5.414564923999999730e-09,5.672949377000000036e-09,8.000045036999999891e-10,3.537475407999999799e-09,3.322910397000000151e-09,5.020002920000000222e-09,2.255130190000000068e-09,3.093634442000000015e-09,1.993439726000000159e-09,5.909878748999999728e-09,1.137727969000000071e-09,2.656125211000000120e-09,3.598842158000000176e-09,9.018644472000000350e-10,6.712390494999999847e-10,7.053205546999999878e-10,1.245683483999999952e-09,4.647739264999999848e-09,1.645910336000000045e-09,2.918447487000000146e-09,3.214424614000000092e-10,1.342411560999999984e-09,2.457923138999999908e-09,2.938054193000000194e-10,1.177368521000000007e-09,3.874783138000000178e-09,3.609172605999999922e-09,1.233513023999999950e-10,6.201959973000000267e-10,2.035975611999999881e-11,1.021296680000000026e-10,2.104436942000000133e-09,8.366803039999999425e-11,2.787336591000000068e-09,1.675713691999999982e-10,3.797107442999999933e-10,1.697358962000000028e-10,9.472312661999999831e-11,7.355431472999999917e-11,2.328643388000000144e-11,8.589146535000000110e-12,1.635003129999999974e-10,1.807885583000000041e-09,3.520742096999999895e-11,1.540216812000000028e-09,3.915132817999999756e-10,1.072162540000000093e-09,1.600022988999999958e-10,3.162589614000000033e-10,1.625434600000000022e-11,1.862723281999999974e-09,6.095167959000000114e-13,1.736647893000000097e-12,1.061776530000000081e-09,1.261168705999999963e-09,2.284128168000000080e-09,7.094048584999999717e-11,1.592837688999999954e-09,4.085701909999999819e-12,1.979130966000000022e-10,1.450372607999999983e-09,2.193609522000000059e-10,1.332960416999999941e-11,6.000147184999999977e-10,1.425811538000000008e-10
